date_month,quant_sell,customer_id
2014-01,447,591414
2014-01,103,591405
2014-01,142,591300
2014-01,494,591407
2014-01,124,591460
2014-01,176,591410
2014-01,67,591487
2014-01,41,591412
2014-01,80,591541
2014-01,142,591282
2014-01,35,591449
2014-01,20,591436
2014-01,40,591476
2014-01,565,591416
2014-01,3,591537
2014-01,289,591418
2014-01,94,591302
2014-01,8,591311
2014-01,1151,591421
2014-01,2,591469
2014-01,279,591423
2014-01,80,591289
2014-01,42,591264
2014-01,124,591467
2014-01,360,591425
2014-01,304,591432
2014-01,96,591427
2014-01,59,591544
2014-01,1640,591438
2014-01,294,591280
2014-01,479,591403
2014-01,14,591269
2014-01,308,591454
2014-01,93,591447
2014-01,249,591535
2014-01,20,591379
2014-01,60,591295
2014-01,145,591539
2014-01,505,591381
2014-01,124,591533
2014-01,112,591273
2014-01,148,591383
2014-01,810,591385
2014-01,50,591456
2014-01,1206,591401
2014-01,127,591508
2014-01,1679,591388
2014-01,175,591390
2014-01,168,591500
2014-01,475,591399
2014-01,315,591396
2014-01,408,591291
2014-01,9,591443
2014-01,652,591394
2014-01,360,591297
2014-01,16,1159530
2014-01,1261,591392
2014-01,68,591429
2014-02,2026,591291
2014-02,947,591454
2014-02,513,591460
2014-02,1828,591289
2014-02,170,591458
2014-02,1184,591456
2014-02,65,591462
2014-02,102,591260
2014-02,186,591286
2014-02,46,591271
2014-02,216,591535
2014-02,1224,591533
2014-02,626,591273
2014-02,66,591511
2014-02,200,591508
2014-02,3198,591275
2014-02,192,591506
2014-02,45,591504
2014-02,598,591465
2014-02,90,591502
2014-02,7066,591280
2014-02,3,591498
2014-02,6,591495
2014-02,157,591487
2014-02,1774,591282
2014-02,160,591284
2014-02,110,591473
2014-02,68,591469
2014-02,105,591467
2014-02,619,591500
2014-02,70,591451
2014-02,816,591434
2014-02,90,591447
2014-02,40,591407
2014-02,130,591405
2014-02,165,591403
2014-02,261,591401
2014-02,682,591326
2014-02,45,591399
2014-02,73,591396
2014-02,195,591394
2014-02,272,591392
2014-02,154,591390
2014-02,200,591322
2014-02,422,591335
2014-02,346,591337
2014-02,374,591385
2014-02,78,591383
2014-02,90,591339
2014-02,81,591381
2014-02,275,591341
2014-02,100,591379
2014-02,5988,591370
2014-02,335,591355
2014-02,236,591361
2014-02,135,591388
2014-02,558,591293
2014-02,150,591410
2014-02,392,591319
2014-02,1932,591295
2014-02,1383,591445
2014-02,1,591443
2014-02,1454,591297
2014-02,582,591440
2014-02,363,591438
2014-02,615,591300
2014-02,184,591436
2014-02,465,591302
2014-02,136,591432
2014-02,52,591412
2014-02,518,591429
2014-02,616,591427
2014-02,384,591425
2014-02,196,591308
2014-02,105,591423
2014-02,75,591421
2014-02,1754,591311
2014-02,80,591418
2014-02,30,591416
2014-02,560,591313
2014-02,40,591414
2014-02,521,591304
2014-02,170,591537
2014-02,144,591359
2014-02,100,591262
2014-02,257,591544
2014-02,16,591267
2014-02,90,615248
2014-02,164,1159530
2014-02,339,591541
2014-02,314,591539
2014-02,90,615250
2014-02,318,591264
2014-02,178,591269
2014-02,320,1065041
2014-03,17889,591445
2014-03,2255,591447
2014-03,5956,591295
2014-03,6838,591293
2014-03,2232,591451
2014-03,711,591449
2014-03,1722,591440
2014-03,2848,591297
2014-03,2250,591438
2014-03,949,615248
2014-03,397,591436
2014-03,2216,591300
2014-03,3230,591434
2014-03,635,615250
2014-03,433,591432
2014-03,2642,591359
2014-03,21523,591454
2014-03,4363,591302
2014-03,24146,591456
2014-03,2484,591269
2014-03,16100,591280
2014-03,204,591498
2014-03,12,591495
2014-03,430,591487
2014-03,667,591541
2014-03,4902,591282
2014-03,115,591484
2014-03,1310,591476
2014-03,528,591473
2014-03,1931,591267
2014-03,5379,591284
2014-03,2030,591467
2014-03,3032,591286
2014-03,950,591465
2014-03,1090,591462
2014-03,1023,591544
2014-03,9049,591289
2014-03,1373,591460
2014-03,995,591458
2014-03,23862,591291
2014-03,5496,591429
2014-03,424,591469
2014-03,4127,591304
2014-03,5627,591264
2014-03,3065,591425
2014-03,988,591392
2014-03,1068,591333
2014-03,2122,591390
2014-03,856,1159530
2014-03,1984,591335
2014-03,654,591388
2014-03,3912,591337
2014-03,2045,591385
2014-03,583,591383
2014-03,2755,591339
2014-03,929,591381
2014-03,908,591341
2014-03,1016,591379
2014-03,922,591377
2014-03,482,591374
2014-03,16018,591370
2014-03,1082,591366
2014-03,742,591352
2014-03,1047,591355
2014-03,2284,591361
2014-03,1036,591260
2014-03,1959,591394
2014-03,1016,591330
2014-03,614,591396
2014-03,1168,591262
2014-03,966,591500
2014-03,679,591423
2014-03,732,591308
2014-03,325,591421
2014-03,9298,591311
2014-03,1351,591418
2014-03,88,762465
2014-03,105,591416
2014-03,1902,591313
2014-03,350,591414
2014-03,6384,591427
2014-03,1041,591412
2014-03,1047,591410
2014-03,694,591322
2014-03,492,591407
2014-03,800,1065041
2014-03,1309,591405
2014-03,11702,591324
2014-03,995,591403
2014-03,1105,591401
2014-03,4510,591326
2014-03,749,591399
2014-03,2968,591319
2014-03,5474,591502
2014-03,49,591443
2014-03,1790,591278
2014-03,224,591271
2014-03,684,591508
2014-03,3256,591275
2014-03,2152,591511
2014-03,1958,591504
2014-03,874,591506
2014-03,4774,591533
2014-03,1130,591535
2014-03,2226,591537
2014-03,2732,591273
2014-03,484,591539
2014-04,2595,591434
2014-04,1180,591300
2014-04,180,591508
2014-04,512,591432
2014-04,740,591302
2014-04,1174,591269
2014-04,3780,591429
2014-04,1460,591427
2014-04,4036,591304
2014-04,2931,591425
2014-04,2989,591264
2014-04,1069,591423
2014-04,662,591308
2014-04,449,591421
2014-04,4082,591311
2014-04,1056,591418
2014-04,354,615250
2014-04,380,591436
2014-04,1953,591297
2014-04,2145,591438
2014-04,200,591465
2014-04,349,591462
2014-04,879,591544
2014-04,3293,591289
2014-04,196,591460
2014-04,193,591458
2014-04,197,591506
2014-04,3541,591291
2014-04,4212,591456
2014-04,703,591267
2014-04,2249,591454
2014-04,1742,591451
2014-04,800,591275
2014-04,4917,591293
2014-04,74,591449
2014-04,272,591447
2014-04,128,615246
2014-04,2708,591295
2014-04,4950,591445
2014-04,74,591443
2014-04,642,591440
2014-04,1184,615248
2014-04,728,591273
2014-04,721,591539
2014-04,37,762465
2014-04,756,591335
2014-04,750,591388
2014-04,303,1159530
2014-04,1874,591385
2014-04,1414,591337
2014-04,799,591383
2014-04,169,591271
2014-04,363,591339
2014-04,964,591381
2014-04,1368,591535
2014-04,809,591341
2014-04,393,591377
2014-04,416,591374
2014-04,1930,591370
2014-04,238,591366
2014-04,1348,591352
2014-04,1040,591361
2014-04,286,591260
2014-04,775,591355
2014-04,1383,591359
2014-04,554,591379
2014-04,2812,591390
2014-04,868,591333
2014-04,1233,591392
2014-04,112,591286
2014-04,398,591313
2014-04,599,591414
2014-04,754,591412
2014-04,80,591511
2014-04,1206,591319
2014-04,873,591410
2014-04,732,591322
2014-04,787,591407
2014-04,82,1065041
2014-04,1252,591405
2014-04,1750,591324
2014-04,1300,591403
2014-04,806,591533
2014-04,1070,591401
2014-04,1058,591262
2014-04,6660,591326
2014-04,798,591399
2014-04,845,591396
2014-04,460,591330
2014-04,2021,591394
2014-04,494,591416
2014-04,79,591467
2014-04,1837,591537
2014-04,267,591487
2014-04,20,591473
2014-04,32,591484
2014-04,129,591504
2014-04,120,591278
2014-04,13,591498
2014-04,6915,591282
2014-04,167,591500
2014-04,1316,591284
2014-04,160,591502
2014-04,139,591469
2014-04,80,591476
2014-04,7585,591280
2014-04,730,591541
2014-05,499,591454
2014-05,1545,591447
2014-05,670,591311
2014-05,1440,591379
2014-05,2200,591361
2014-05,1883,591418
2014-05,2570,591273
2014-05,671,591269
2014-05,2031,591541
2014-05,190,591449
2014-05,1846,591410
2014-05,1355,591416
2014-05,8059,591282
2014-05,1625,591381
2014-05,65,762465
2014-05,4825,591293
2014-05,2115,591535
2014-05,1990,591284
2014-05,1000,591313
2014-05,3230,591275
2014-05,392,591451
2014-05,1199,591414
2014-05,2175,591544
2014-05,1629,591412
2014-05,191,591511
2014-05,1265,591319
2014-05,130,899315
2014-05,1770,591341
2014-05,960,591502
2014-05,982,615250
2014-05,667,591508
2014-05,2112,591297
2014-05,1139,591432
2014-05,3792,591434
2014-05,875,591352
2014-05,1370,591440
2014-05,4256,591537
2014-05,7480,591370
2014-05,190,591366
2014-05,1870,591300
2014-05,975,591476
2014-05,4855,591438
2014-05,760,615248
2014-05,1071,591436
2014-05,485,591500
2014-05,631,591421
2014-05,1863,591302
2014-05,940,591377
2014-05,339,591473
2014-05,155,591506
2014-05,1245,591456
2014-05,1355,591295
2014-05,35,591484
2014-05,1650,591423
2014-05,151,591478
2014-05,6377,591445
2014-05,240,615246
2014-05,4800,591264
2014-05,2436,591304
2014-05,5355,591427
2014-05,185,591443
2014-05,5330,591429
2014-05,4879,591425
2014-05,1259,591308
2014-05,860,591260
2014-05,1460,591383
2014-05,80,591498
2014-05,2062,591401
2014-05,461,591286
2014-05,19,591495
2014-05,3612,591533
2014-05,1455,591337
2014-05,1062,591262
2014-05,3869,591390
2014-05,920,591460
2014-05,2330,591326
2014-05,272,591465
2014-05,2093,591539
2014-05,1439,591399
2014-05,1494,591396
2014-05,505,591333
2014-05,1795,591392
2014-05,1397,591407
2014-05,550,1065041
2014-05,3314,591289
2014-05,80,591471
2014-05,230,591330
2014-05,355,591271
2014-05,590,591462
2014-05,519,591469
2014-05,575,591458
2014-05,395,591278
2014-05,230,591339
2014-05,700,591322
2014-05,3400,591385
2014-05,2100,591359
2014-05,1015,1159530
2014-05,1996,591291
2014-05,13571,591280
2014-05,1124,591355
2014-05,315,591467
2014-05,600,591487
2014-05,325,591267
2014-05,1010,591504
2014-05,1930,591405
2014-05,2774,591394
2014-05,3030,591324
2014-05,1622,591388
2014-05,2175,591403
2014-05,490,591335
2014-06,345,591271
2014-06,1012,591432
2014-06,2943,591264
2014-06,690,591260
2014-06,2945,591304
2014-06,1095,1159530
2014-06,1038,591335
2014-06,1755,591392
2014-06,1640,591535
2014-06,1310,591300
2014-06,11490,591280
2014-06,4823,591427
2014-06,685,615248
2014-06,40,591478
2014-06,630,591333
2014-06,4569,591429
2014-06,614,591508
2014-06,2635,591434
2014-06,1295,591388
2014-06,575,591476
2014-06,1880,591337
2014-06,1335,591302
2014-06,2578,591390
2014-06,815,591377
2014-06,1145,591407
2014-06,610,591278
2014-06,63,762465
2014-06,125,591498
2014-06,750,591502
2014-06,1761,591403
2014-06,580,591313
2014-06,5280,591324
2014-06,746,591414
2014-06,861,591436
2014-06,1402,591401
2014-06,1526,591412
2014-06,1495,591405
2014-06,540,591487
2014-06,1790,591319
2014-06,130,899315
2014-06,1240,591410
2014-06,1140,591322
2014-06,435,591511
2014-06,1498,591381
2014-06,550,591339
2014-06,6945,591282
2014-06,1239,591416
2014-06,1210,591379
2014-06,150,591330
2014-06,1430,591423
2014-06,1119,591383
2014-06,30,591484
2014-06,397,1065041
2014-06,737,591308
2014-06,910,615250
2014-06,1228,591341
2014-06,845,591421
2014-06,908,591396
2014-06,1624,591539
2014-06,1150,591273
2014-06,1139,591399
2014-06,1199,591311
2014-06,2684,591326
2014-06,1376,591418
2014-06,3415,591533
2014-06,12,591495
2014-06,1140,591262
2014-06,1360,591394
2014-06,3401,591425
2014-06,2315,591385
2014-06,1190,591267
2014-06,825,591460
2014-06,168,591443
2014-06,460,591451
2014-06,785,591504
2014-06,560,591286
2014-06,1554,591541
2014-06,314,591469
2014-06,4470,591456
2014-06,2470,591297
2014-06,2210,591361
2014-06,1895,591352
2014-06,20,591471
2014-06,2180,591284
2014-06,1200,591440
2014-06,2246,591544
2014-06,750,591465
2014-06,1150,591447
2014-06,270,591506
2014-06,1021,591355
2014-06,4330,591293
2014-06,530,591500
2014-06,3074,591537
2014-06,5130,591295
2014-06,3778,591289
2014-06,979,591269
2014-06,251,591473
2014-06,350,591366
2014-06,2317,591438
2014-06,410,591467
2014-06,3712,591454
2014-06,410,591449
2014-06,1265,591359
2014-06,681,591462
2014-06,228,615246
2014-06,4910,591275
2014-06,3323,591291
2014-06,572,591458
2014-06,7680,591445
2014-07,1652,591401
2014-07,2179,591262
2014-07,1705,591311
2014-07,1722,591447
2014-07,888,591458
2014-07,1110,591541
2014-07,13,591495
2014-07,108,591471
2014-07,1035,615250
2014-07,2019,591273
2014-07,4731,591361
2014-07,1075,591421
2014-07,1290,591460
2014-07,2788,591326
2014-07,1160,591341
2014-07,18207,591445
2014-07,1145,591308
2014-07,1471,591399
2014-07,1470,591269
2014-07,1461,591418
2014-07,2164,591403
2014-07,1306,591267
2014-07,105,899315
2014-07,1443,591381
2014-07,9944,591454
2014-07,220,591498
2014-07,1776,591407
2014-07,2097,591319
2014-07,2850,591284
2014-07,990,591511
2014-07,5230,591275
2014-07,3900,591291
2014-07,1784,591412
2014-07,1410,591322
2014-07,191,762465
2014-07,75,591484
2014-07,1378,591451
2014-07,898,591414
2014-07,1429,591405
2014-07,7136,591282
2014-07,1960,591379
2014-07,595,591449
2014-07,1632,591416
2014-07,7245,591324
2014-07,1308,591355
2014-07,946,591500
2014-07,1515,591410
2014-07,2030,591502
2014-07,2099,591544
2014-07,1550,591313
2014-07,910,591339
2014-07,923,591487
2014-07,12985,591456
2014-07,5340,591293
2014-07,4410,591295
2014-07,4702,591533
2014-07,1114,591333
2014-07,894,591377
2014-07,797,591462
2014-07,920,591506
2014-07,595,615246
2014-07,6881,591429
2014-07,1500,591504
2014-07,2053,591278
2014-07,1610,591440
2014-07,810,591508
2014-07,2415,591535
2014-07,3524,591337
2014-07,2115,591302
2014-07,3101,591390
2014-07,960,591465
2014-07,1364,591392
2014-07,3745,591297
2014-07,640,591286
2014-07,1318,591476
2014-07,17320,591280
2014-07,4001,591434
2014-07,852,591335
2014-07,982,615248
2014-07,1211,591388
2014-07,1947,591359
2014-07,2735,591300
2014-07,671,591271
2014-07,730,591467
2014-07,1549,591438
2014-07,320,591366
2014-07,2090,591436
2014-07,980,591432
2014-07,7969,591427
2014-07,4018,591537
2014-07,1221,1159530
2014-07,1480,591423
2014-07,890,591396
2014-07,5184,591289
2014-07,1787,591383
2014-07,70,591473
2014-07,3063,591385
2014-07,4550,591425
2014-07,605,591330
2014-07,2265,591352
2014-07,1618,591394
2014-07,505,591469
2014-07,1768,591539
2014-07,4610,591304
2014-07,891,591260
2014-07,3890,591264
2014-07,651,591443
2014-07,924,1065041
2014-07,252,591478
2014-08,1128,591381
2014-08,820,591322
2014-08,561,591460
2014-08,512,591335
2014-08,1471,591388
2014-08,1454,591399
2014-08,917,591539
2014-08,1330,591291
2014-08,416,591511
2014-08,1601,591383
2014-08,700,591267
2014-08,1049,591289
2014-08,5,591495
2014-08,300,591467
2014-08,1556,591407
2014-08,515,591541
2014-08,1007,591392
2014-08,2596,591385
2014-08,5,899315
2014-08,10,591471
2014-08,1410,591284
2014-08,135,591465
2014-08,1050,591262
2014-08,1620,591326
2014-08,540,591271
2014-08,793,591396
2014-08,218,591337
2014-08,238,591487
2014-08,558,1159530
2014-08,1817,591403
2014-08,594,591355
2014-08,599,591456
2014-08,183,591458
2014-08,1427,591394
2014-08,2424,591390
2014-08,300,591504
2014-08,418,591330
2014-08,110,591339
2014-08,140,591286
2014-08,1525,591280
2014-08,1194,591401
2014-08,269,591462
2014-08,174,591469
2014-08,570,591359
2014-08,456,1065041
2014-08,1554,591405
2014-08,330,591324
2014-08,815,591533
2014-08,894,591436
2014-08,1184,591410
2014-08,50,591498
2014-08,390,591508
2014-08,2043,591429
2014-08,1432,591311
2014-08,223,591260
2014-08,885,591447
2014-08,580,591440
2014-08,1045,591418
2014-08,1253,591544
2014-08,395,591302
2014-08,1465,591416
2014-08,192,591449
2014-08,385,615246
2014-08,1665,591278
2014-08,265,591500
2014-08,513,615250
2014-08,1490,591293
2014-08,1805,591361
2014-08,4173,591445
2014-08,110,591502
2014-08,515,591352
2014-08,829,591423
2014-08,420,591304
2014-08,473,591443
2014-08,990,591275
2014-08,475,591295
2014-08,749,591341
2014-08,25,591478
2014-08,80,591273
2014-08,50,591473
2014-08,410,591308
2014-08,1707,591427
2014-08,115,591377
2014-08,2395,591264
2014-08,804,591421
2014-08,456,591506
2014-08,4718,591282
2014-08,440,591313
2014-08,80,591366
2014-08,581,591269
2014-08,1620,591454
2014-08,1493,591438
2014-08,490,591319
2014-08,1085,591300
2014-08,1401,591537
2014-08,25,591484
2014-08,205,615248
2014-08,1235,591412
2014-08,1536,591379
2014-08,1855,591434
2014-08,65,762465
2014-08,1215,591297
2014-08,2459,591425
2014-08,40,591476
2014-08,1400,591414
2014-08,699,591432
2014-08,58,591451
2014-08,1391,591535
2014-09,28,1065041
2014-09,165,591541
2014-09,850,591390
2014-09,783,591438
2014-09,25,591476
2014-09,205,591269
2014-09,2385,591280
2014-09,271,591504
2014-09,20,591377
2014-09,125,591443
2014-09,1526,591394
2014-09,130,591330
2014-09,978,591385
2014-09,1235,591425
2014-09,50,615246
2014-09,380,591304
2014-09,15,591508
2014-09,525,591535
2014-09,82,591271
2014-09,40,591333
2014-09,199,591388
2014-09,50,591440
2014-09,824,591429
2014-09,817,591297
2014-09,130,591337
2014-09,469,591537
2014-09,65,591465
2014-09,820,591434
2014-09,344,591506
2014-09,343,591335
2014-09,494,591302
2014-09,1339,591264
2014-09,155,591359
2014-09,718,591427
2014-09,342,591392
2014-09,2,615248
2014-09,365,591300
2014-09,9,591462
2014-09,524,591533
2014-09,49,591449
2014-09,645,591383
2014-09,868,591456
2014-09,56,591487
2014-09,1079,591293
2014-09,344,591403
2014-09,1080,591262
2014-09,160,591313
2014-09,125,591339
2014-09,647,591379
2014-09,279,591414
2014-09,407,591405
2014-09,281,591381
2014-09,74,591511
2014-09,81,591260
2014-09,402,591322
2014-09,423,591412
2014-09,4,591451
2014-09,263,591436
2014-09,276,591539
2014-09,910,591291
2014-09,460,591500
2014-09,90,591319
2014-09,385,591407
2014-09,560,591284
2014-09,589,591454
2014-09,241,591410
2014-09,250,591275
2014-09,213,591416
2014-09,374,591447
2014-09,35,762465
2014-09,447,591401
2014-09,1005,591278
2014-09,397,591341
2014-09,6,591495
2014-09,351,591423
2014-09,731,591289
2014-09,85,591295
2014-09,315,591396
2014-09,25,591273
2014-09,160,591460
2014-09,430,591361
2014-09,324,591418
2014-09,2,591308
2014-09,306,591399
2014-09,175,615250
2014-09,482,591311
2014-09,665,591326
2014-09,1954,591445
2014-09,240,591421
2014-09,2117,591282
2014-09,51,591267
2014-09,506,1159530
2014-09,326,591355
2014-09,63,591458
2014-09,546,591544
2014-10,40,591359
2014-10,220,591361
2014-10,360,591383
2014-10,170,591339
2014-10,110,591500
2014-10,26,591260
2014-10,393,591379
2014-10,310,1159530
2014-10,261,591381
2014-10,316,591535
2014-10,381,591341
2014-10,444,591416
2014-10,131,591423
2014-10,658,591385
2014-10,47,591273
2014-10,294,591421
2014-10,1670,591282
2014-10,1591,591445
2014-10,44,615250
2014-10,270,591311
2014-10,405,591418
2014-10,182,591544
2014-10,228,591447
2014-10,70,591313
2014-10,314,591414
2014-10,642,591293
2014-10,517,591412
2014-10,117,591319
2014-10,252,591269
2014-10,213,591410
2014-10,1,591482
2014-10,277,591295
2014-10,806,591438
2014-10,130,591502
2014-10,131,591436
2014-10,288,591300
2014-10,185,591297
2014-10,806,591434
2014-10,45,591432
2014-10,10,591473
2014-10,195,591302
2014-10,1114,591264
2014-10,73,591443
2014-10,332,591429
2014-10,410,591427
2014-10,301,591304
2014-10,25,591508
2014-10,765,591425
2014-10,279,591291
2014-10,395,591454
2014-10,159,591322
2014-10,288,591407
2014-10,55,591267
2014-10,704,591394
2014-10,241,591504
2014-10,2,591495
2014-10,42,591330
2014-10,223,591537
2014-10,199,591396
2014-10,20,591465
2014-10,1231,591280
2014-10,7,1065041
2014-10,164,591541
2014-10,968,591390
2014-10,75,591467
2014-10,64,591271
2014-10,608,591388
2014-10,618,591392
2014-10,240,591399
2014-10,280,591533
2014-10,891,591456
2014-10,50,591511
2014-10,290,591284
2014-10,607,591405
2014-10,40,591275
2014-10,123,591262
2014-10,225,591289
2014-10,503,591403
2014-10,173,591506
2014-10,39,591487
2014-10,225,591401
2014-10,20,591458
2014-10,106,591460
2014-10,105,591326
2014-11,90,591445
2014-11,6,591443
2014-11,40,591456
2014-11,125,591447
2014-11,20,591361
2014-11,8,591473
2014-11,45,591500
2014-11,100,591535
2014-11,64,591541
2014-11,95,591544
2014-11,135,591385
2014-11,5,591506
2014-11,164,591388
2014-11,8,1065041
2014-11,382,591390
2014-11,276,591392
2014-11,122,591383
2014-11,106,591533
2014-11,149,591394
2014-11,77,591399
2014-11,55,591381
2014-11,70,1159530
2014-11,107,591401
2014-11,55,591403
2014-11,133,591537
2014-11,184,591405
2014-11,75,591407
2014-11,11,591539
2014-11,172,591412
2014-11,79,591379
2014-11,152,591414
2014-11,115,591416
2014-11,31,615250
2014-11,128,591418
2014-11,53,591421
2014-11,145,591425
2014-11,113,591427
2014-11,67,591429
2014-11,34,591476
2014-11,103,591434
2014-11,96,591436
2014-11,354,591438
2014-11,127,591423
2014-11,31,591410
2014-11,10,591322
2014-11,19,591262
2014-11,50,591289
2014-11,28,591293
2014-11,12,591271
2014-11,1,591280
2014-11,3,591304
2014-11,90,591355
2014-11,69,591269
2014-11,64,591297
2014-11,40,591284
2014-11,96,591341
2014-11,10,591311
2014-11,70,591326
2014-11,144,591264
2014-11,65,591291
2014-11,488,591282
2014-11,5,591302
2014-12,58,591399
2014-12,61,591438
2014-12,5,591289
2014-12,763,591392
2014-12,11,591443
2014-12,339,591423
2014-12,75,591535
2014-12,182,591418
2014-12,11,615250
2014-12,5,591410
2014-12,52,591421
2014-12,77,591504
2014-12,105,591385
2014-12,53,591412
2014-12,5,591264
2014-12,108,591390
2014-12,25,591414
2014-12,9,591460
2014-12,9,591407
2014-12,79,591416
2014-12,95,591383
2014-12,15,591282
2014-12,75,591541
2014-12,45,591401
2014-12,10,591381
2014-12,164,591539
2014-12,659,591544
2014-12,310,591388
2014-12,40,591403
2014-12,35,591284
2014-12,30,591500
2014-12,160,591394
2014-12,33,591427
2014-12,124,591436
2014-12,2,591330
2014-12,21,591537
2014-12,183,591425
2014-12,52,591405
2014-12,10,591293
2015-01,26,591421
2015-01,30,591432
2015-01,70,591282
2015-01,18,615250
2015-01,97,591383
2015-01,131,591425
2015-01,21,591381
2015-01,18,591427
2015-01,27,1786338
2015-01,50,591504
2015-01,233,591438
2015-01,99,591385
2015-01,174,591297
2015-01,48,591423
2015-01,84,591436
2015-01,30,591284
2015-01,99,591418
2015-01,226,591388
2015-01,120,591399
2015-01,35,1159530
2015-01,235,591392
2015-01,55,591535
2015-01,70,591410
2015-01,5,591293
2015-01,77,591412
2015-01,1465,591289
2015-01,40,591403
2015-01,40,591458
2015-01,223,591390
2015-01,70,591539
2015-01,49,591544
2015-01,85,591541
2015-01,86,591407
2015-01,40,591414
2015-01,28,591456
2015-01,45,591405
2015-01,255,591394
2015-01,47,591416
2015-01,93,591401
2015-02,192,591304
2015-02,355,591394
2015-02,70,591269
2015-02,89,591403
2015-02,15,591381
2015-02,211,591427
2015-02,88,591539
2015-02,155,591401
2015-02,56,591339
2015-02,336,591429
2015-02,148,591487
2015-02,144,591541
2015-02,39,591399
2015-02,59,591302
2015-02,202,591282
2015-02,56,591326
2015-02,724,591280
2015-02,95,591544
2015-02,137,591416
2015-02,21,1065041
2015-02,88,591379
2015-02,233,591273
2015-02,70,615250
2015-02,48,591311
2015-02,151,591264
2015-02,10,591511
2015-02,56,591313
2015-02,73,591418
2015-02,252,591275
2015-02,166,591390
2015-02,290,591385
2015-02,62,591412
2015-02,280,591500
2015-02,56,591319
2015-02,84,591421
2015-02,268,591337
2015-02,98,591502
2015-02,211,591535
2015-02,27,591423
2015-02,160,591392
2015-02,95,591407
2015-02,92,591383
2015-02,13,591322
2015-02,34,591388
2015-02,136,591425
2015-02,54,591537
2015-02,81,591410
2015-02,57,591405
2015-02,74,591533
2015-02,84,1159530
2015-02,70,591260
2015-02,8,591443
2015-02,190,591434
2015-02,56,591284
2015-02,196,591289
2015-02,284,591293
2015-02,28,591361
2015-02,126,591451
2015-02,112,591341
2015-02,232,591300
2015-02,110,591447
2015-02,210,591460
2015-02,148,591438
2015-02,127,1786338
2015-02,233,591355
2015-02,972,591454
2015-02,434,591445
2015-02,692,591291
2015-02,19,591436
2015-02,438,591297
2015-02,350,591456
2015-02,54,591462
2015-02,90,591467
2015-03,424,591508
2015-03,4606,591273
2015-03,996,615248
2015-03,448,591414
2015-03,707,591462
2015-03,266,591511
2015-03,1604,591313
2015-03,4558,591264
2015-03,5591,591295
2015-03,40,591443
2015-03,982,591335
2015-03,1664,591286
2015-03,465,591421
2015-03,376,591467
2015-03,2990,591297
2015-03,16857,591370
2015-03,1474,591385
2015-03,1370,591440
2015-03,354,591504
2015-03,786,591388
2015-03,7526,591275
2015-03,305,1786338
2015-03,824,591506
2015-03,5380,1791262
2015-03,11910,591311
2015-03,445,615250
2015-03,1236,591416
2015-03,420,591465
2015-03,744,591418
2015-03,1431,591390
2015-03,1210,591460
2015-03,14712,591445
2015-03,1042,591403
2015-03,501,591458
2015-03,1162,591451
2015-03,2750,591269
2015-03,5248,591324
2015-03,1184,591359
2015-03,1260,591355
2015-03,1725,591394
2015-03,1280,591267
2015-03,932,591401
2015-03,6562,591454
2015-03,17121,591456
2015-03,1023,591541
2015-03,1047,591399
2015-03,2620,591326
2015-03,18096,591291
2015-03,1337,591539
2015-03,1139,591412
2015-03,884,591544
2015-03,896,591330
2015-03,1760,591319
2015-03,6730,591533
2015-03,729,591410
2015-03,50,762465
2015-03,860,591333
2015-03,150,591271
2015-03,700,591361
2015-03,5462,591293
2015-03,1098,591535
2015-03,867,591392
2015-03,656,591407
2015-03,5347,591289
2015-03,600,591447
2015-03,688,591322
2015-03,854,591405
2015-03,2176,591537
2015-03,972,591352
2015-03,3607,591337
2015-03,782,591366
2015-03,15628,591280
2015-03,358,591476
2015-03,3705,591302
2015-03,344,591500
2015-03,810,591341
2015-03,238,591487
2015-03,528,591383
2015-03,494,591377
2015-03,4684,591429
2015-03,564,1786332
2015-03,707,591423
2015-03,938,591339
2015-03,1550,591300
2015-03,1734,591425
2015-03,612,591381
2015-03,3159,591427
2015-03,1218,591262
2015-03,537,591436
2015-03,1434,1065041
2015-03,364,591473
2015-03,3050,591284
2015-03,2398,591434
2015-03,508,591260
2015-03,4198,591304
2015-03,4208,591282
2015-03,1531,591438
2015-03,1101,591379
2015-03,520,591432
2015-03,1796,591502
2015-03,322,591278
2015-03,924,1159530
2015-03,776,591308
2015-04,402,591473
2015-04,3479,591361
2015-04,1506,591267
2015-04,2031,591535
2015-04,170,615246
2015-04,1367,591381
2015-04,1060,591352
2015-04,1007,591432
2015-04,5548,591427
2015-04,1364,591399
2015-04,635,591333
2015-04,15948,591456
2015-04,2475,591326
2015-04,2224,591319
2015-04,1220,591476
2015-04,11361,591280
2015-04,1106,591460
2015-04,103,762465
2015-04,1487,591410
2015-04,2510,591533
2015-04,1023,591379
2015-04,960,591377
2015-04,3776,591291
2015-04,8885,591445
2015-04,262,591271
2015-04,2642,591392
2015-04,4760,591289
2015-04,3166,591434
2015-04,342,591260
2015-04,9786,591324
2015-04,1597,591355
2015-04,1233,591359
2015-04,1964,591269
2015-04,3626,591451
2015-04,7259,591282
2015-04,1819,591341
2015-04,1561,591300
2015-04,1752,591403
2015-04,2609,591394
2015-04,2226,591539
2015-04,526,591458
2015-04,475,591487
2015-04,1855,591401
2015-04,6041,591429
2015-04,295,591330
2015-04,4944,591293
2015-04,6247,591454
2015-04,1873,591544
2015-04,1896,591447
2015-04,2090,591302
2015-04,1375,591405
2015-04,1318,591322
2015-04,1912,591339
2015-04,1956,591541
2015-04,964,1159530
2015-04,1165,591407
2015-04,2778,591537
2015-04,2750,591337
2015-04,1669,591412
2015-04,2338,591284
2015-04,696,591273
2015-04,4425,591304
2015-04,270,591366
2015-04,1283,591388
2015-04,107,591286
2015-04,875,1786332
2015-04,1424,591335
2015-04,1972,591416
2015-04,38,591506
2015-04,1110,591383
2015-04,990,615250
2015-04,4352,591311
2015-04,555,591508
2015-04,9161,1791262
2015-04,2285,591423
2015-04,1936,591418
2015-04,1446,591440
2015-04,2406,591275
2015-04,1130,591504
2015-04,3502,591438
2015-04,438,591278
2015-04,2995,591385
2015-04,10732,591370
2015-04,1592,591502
2015-04,740,591467
2015-04,644,591308
2015-04,767,591421
2015-04,2424,591297
2015-04,120,591443
2015-04,976,591465
2015-04,688,591500
2015-04,1128,591436
2015-04,893,1065041
2015-04,735,615248
2015-04,1257,591511
2015-04,2524,1791462
2015-04,1344,591262
2015-04,3649,591264
2015-04,849,591462
2015-04,3881,591425
2015-04,1159,591414
2015-04,1810,591313
2015-04,3927,591390
2015-04,4683,591295
2015-05,1543,591502
2015-05,264,591500
2015-05,534,591423
2015-05,215,591313
2015-05,1355,591440
2015-05,523,591460
2015-05,1485,591418
2015-05,744,591467
2015-05,2575,591324
2015-05,787,591421
2015-05,3712,591425
2015-05,900,591504
2015-05,1020,591476
2015-05,100,591451
2015-05,1364,591410
2015-05,2700,591533
2015-05,143,591511
2015-05,1787,591539
2015-05,1028,591432
2015-05,1688,591401
2015-05,5690,591282
2015-05,3326,591438
2015-05,2750,591295
2015-05,3643,591445
2015-05,4635,591454
2015-05,830,591456
2015-05,1506,591399
2015-05,2890,591275
2015-05,1255,591308
2015-05,1754,591412
2015-05,1155,591436
2015-05,1665,591319
2015-05,930,591447
2015-05,858,591286
2015-05,3367,591304
2015-05,1291,591405
2015-05,2320,591284
2015-05,1038,591273
2015-05,3423,591289
2015-05,1885,591302
2015-05,1154,591414
2015-05,3404,591434
2015-05,569,591462
2015-05,1098,591407
2015-05,1709,591535
2015-05,575,591508
2015-05,4932,591427
2015-05,740,591322
2015-05,493,591269
2015-05,305,591473
2015-05,95,591443
2015-05,250,591311
2015-05,13243,591280
2015-05,162,591506
2015-05,1914,591416
2015-05,490,591458
2015-05,112,591449
2015-05,610,591487
2015-05,3808,591429
2015-05,2522,591297
2015-05,1712,591403
2015-05,3472,591537
2015-05,390,591465
2015-05,490,591278
2015-05,5055,591293
2015-05,2015,591300
2015-05,195,591271
2015-05,1780,591291
2015-05,165,591330
2015-05,610,615248
2015-05,420,591260
2015-05,10633,1791262
2015-05,435,591366
2015-05,1299,591388
2015-05,1369,591335
2015-05,1434,591541
2015-05,2963,591370
2015-05,1532,591394
2015-05,1092,591379
2015-05,334,1786332
2015-05,998,615250
2015-05,1105,1159530
2015-05,1914,591544
2015-05,87,762465
2015-05,1450,591341
2015-05,622,591377
2015-05,2982,591264
2015-05,615,591267
2015-05,1465,1791462
2015-05,1040,591339
2015-05,997,1065041
2015-05,1100,591392
2015-05,95,615246
2015-05,90,899315
2015-05,1000,591262
2015-05,1316,591355
2015-05,1220,591359
2015-05,2526,591326
2015-05,1174,591337
2015-05,1300,591381
2015-05,1053,591383
2015-05,2554,591385
2015-05,1055,591333
2015-05,360,1801903
2015-05,1055,591352
2015-05,2280,591361
2015-05,3340,591390
2015-06,415,591500
2015-06,4878,591275
2015-06,806,591421
2015-06,204,762465
2015-06,1920,591502
2015-06,1169,591383
2015-06,1147,591262
2015-06,1311,591423
2015-06,1184,591308
2015-06,3444,591304
2015-06,2657,591326
2015-06,699,591504
2015-06,1281,591407
2015-06,187,615246
2015-06,1438,591319
2015-06,1447,591410
2015-06,4170,591533
2015-06,2835,591264
2015-06,352,591271
2015-06,2813,591390
2015-06,1901,591412
2015-06,463,591511
2015-06,2331,591385
2015-06,770,591333
2015-06,730,615248
2015-06,875,591414
2015-06,699,591508
2015-06,2864,591273
2015-06,1351,591388
2015-06,1266,591335
2015-06,428,591506
2015-06,756,591311
2015-06,849,615250
2015-06,1565,591418
2015-06,660,591313
2015-06,1508,591416
2015-06,1760,591302
2015-06,1465,1065041
2015-06,480,591366
2015-06,516,591286
2015-06,10803,1791262
2015-06,218,591443
2015-06,635,591462
2015-06,3828,591295
2015-06,1896,1791462
2015-06,2896,591445
2015-06,919,591460
2015-06,3988,591361
2015-06,844,591352
2015-06,1713,1801903
2015-06,1126,591447
2015-06,3278,591289
2015-06,4633,591293
2015-06,121,591449
2015-06,440,591458
2015-06,1022,591359
2015-06,1661,591355
2015-06,524,591451
2015-06,7705,591456
2015-06,3843,591291
2015-06,5233,591454
2015-06,585,591465
2015-06,1574,591440
2015-06,11460,591370
2015-06,650,591467
2015-06,1327,591278
2015-06,12130,591280
2015-06,1255,591381
2015-06,4794,591427
2015-06,520,591487
2015-06,1787,591392
2015-06,810,591339
2015-06,5161,591429
2015-06,658,591260
2015-06,5760,591282
2015-06,966,591432
2015-06,3391,591425
2015-06,552,591476
2015-06,1649,591300
2015-06,1120,1159530
2015-06,3332,591434
2015-06,350,591473
2015-06,723,591377
2015-06,1657,591341
2015-06,821,591436
2015-06,2316,591284
2015-06,2179,591297
2015-06,312,1786332
2015-06,1883,591438
2015-06,1210,591379
2015-06,1930,591535
2015-06,2130,591337
2015-06,1453,591539
2015-06,496,591269
2015-06,262,591330
2015-06,1336,591401
2015-06,3448,591537
2015-06,2049,591403
2015-06,1459,591399
2015-06,1510,591394
2015-06,1345,591405
2015-06,1303,591541
2015-06,2023,591544
2015-06,1114,591322
2015-06,1030,591267
2015-06,5804,591324
2015-07,781,591508
2015-07,3614,591337
2015-07,651,591260
2015-07,4268,591304
2015-07,6538,591324
2015-07,607,591273
2015-07,2888,591284
2015-07,1353,591388
2015-07,1863,591544
2015-07,744,591322
2015-07,1098,591460
2015-07,2091,591297
2015-07,477,1786332
2015-07,1165,591502
2015-07,677,591467
2015-07,1605,1065041
2015-07,1783,591394
2015-07,2082,591438
2015-07,2234,1801903
2015-07,575,591511
2015-07,1662,591401
2015-07,847,591333
2015-07,1360,591405
2015-07,3490,591425
2015-07,7911,591456
2015-07,459,615248
2015-07,1980,591403
2015-07,866,591414
2015-07,1129,591313
2015-07,1529,591335
2015-07,4559,591293
2015-07,2021,591412
2015-07,2742,591385
2015-07,309,591330
2015-07,1506,591352
2015-07,1420,591359
2015-07,891,591308
2015-07,825,591476
2015-07,3810,591537
2015-07,975,591504
2015-07,929,591421
2015-07,1246,591539
2015-07,1682,591300
2015-07,3952,591275
2015-07,1410,591262
2015-07,281,591449
2015-07,1008,1159530
2015-07,135,762465
2015-07,2994,591434
2015-07,1293,591423
2015-07,578,591267
2015-07,312,591473
2015-07,742,591458
2015-07,5303,591282
2015-07,951,591383
2015-07,292,591451
2015-07,1310,591436
2015-07,405,591506
2015-07,475,591500
2015-07,956,591311
2015-07,1741,591399
2015-07,611,591269
2015-07,1078,615250
2015-07,2138,591379
2015-07,1073,591432
2015-07,1331,591341
2015-07,4088,591361
2015-07,741,591377
2015-07,1328,591418
2015-07,1495,591416
2015-07,1185,591278
2015-07,3502,591295
2015-07,1469,591440
2015-07,873,591355
2015-07,5422,591429
2015-07,1296,591447
2015-07,4723,591291
2015-07,1440,591392
2015-07,3096,591264
2015-07,409,591443
2015-07,2908,591289
2015-07,1697,591407
2015-07,3531,591533
2015-07,5674,591427
2015-07,720,591465
2015-07,6466,591445
2015-07,1221,591381
2015-07,656,591339
2015-07,12898,1791262
2015-07,1385,591410
2015-07,1583,591302
2015-07,9384,591454
2015-07,13123,591280
2015-07,684,591487
2015-07,811,591462
2015-07,2724,1791462
2015-07,463,591271
2015-07,10398,591370
2015-07,1886,591319
2015-07,955,591541
2015-07,2697,591326
2015-07,168,591366
2015-07,446,591286
2015-07,1878,591535
2015-07,477,615246
2015-07,2768,591390
2015-08,550,591335
2015-08,1835,591289
2015-08,530,591339
2015-08,976,591418
2015-08,2850,591427
2015-08,364,591432
2015-08,60,591286
2015-08,435,591500
2015-08,1030,591341
2015-08,2556,591293
2015-08,1280,591311
2015-08,1841,591379
2015-08,1014,615250
2015-08,3349,591454
2015-08,1688,591399
2015-08,384,591487
2015-08,520,591377
2015-08,729,591394
2015-08,1605,591295
2015-08,37,762465
2015-08,490,591502
2015-08,775,1791462
2015-08,1070,1159530
2015-08,1113,591262
2015-08,276,591462
2015-08,2860,591275
2015-08,1920,591300
2015-08,1783,591535
2015-08,2677,591434
2015-08,1012,591421
2015-08,914,591302
2015-08,2425,591537
2015-08,493,591443
2015-08,5111,591282
2015-08,725,591352
2015-08,783,591359
2015-08,968,591392
2015-08,490,591308
2015-08,1047,591383
2015-08,100,591330
2015-08,1467,591407
2015-08,2253,591385
2015-08,329,591476
2015-08,680,591504
2015-08,5927,1791262
2015-08,993,591267
2015-08,994,591423
2015-08,145,591473
2015-08,840,591539
2015-08,326,591506
2015-08,1276,591436
2015-08,991,591381
2015-08,281,591458
2015-08,1545,591297
2015-08,1960,591326
2015-08,764,591401
2015-08,1026,591414
2015-08,992,591533
2015-08,6287,591456
2015-08,710,591447
2015-08,360,615248
2015-08,644,591269
2015-08,200,1786332
2015-08,295,591465
2015-08,1935,591291
2015-08,690,591337
2015-08,900,591313
2015-08,450,591333
2015-08,525,591271
2015-08,1094,591405
2015-08,698,591260
2015-08,1810,1801903
2015-08,505,591511
2015-08,1537,591438
2015-08,2796,591278
2015-08,590,591467
2015-08,2106,591390
2015-08,922,1065041
2015-08,1123,591412
2015-08,703,591541
2015-08,2769,591425
2015-08,932,591460
2015-08,2290,591445
2015-08,1180,591324
2015-08,5803,591370
2015-08,650,591355
2015-08,120,591451
2015-08,675,591319
2015-08,3200,591361
2015-08,150,591366
2015-08,1275,591416
2015-08,885,591322
2015-08,415,615246
2015-08,6100,591280
2015-08,3306,591264
2015-08,815,591440
2015-08,1490,591284
2015-08,1995,591304
2015-08,1624,591403
2015-08,1628,591544
2015-08,944,591410
2015-08,405,591508
2015-08,3065,591429
2015-08,1194,591273
2015-08,446,591388
2015-09,245,591339
2015-09,367,591302
2015-09,195,591260
2015-09,85,591458
2015-09,97,591432
2015-09,205,591500
2015-09,770,591293
2015-09,304,591381
2015-09,10,762465
2015-09,162,591423
2015-09,651,591278
2015-09,468,591403
2015-09,1251,591379
2015-09,320,591300
2015-09,2385,591282
2015-09,2765,591280
2015-09,1070,591429
2015-09,1623,591425
2015-09,1336,591427
2015-09,233,591447
2015-09,657,591326
2015-09,945,1801903
2015-09,421,591383
2015-09,333,1065041
2015-09,808,591304
2015-09,804,591394
2015-09,100,591476
2015-09,250,591335
2015-09,40,591333
2015-09,1348,591445
2015-09,139,591271
2015-09,955,591291
2015-09,1002,591390
2015-09,3128,591370
2015-09,472,591412
2015-09,1346,591438
2015-09,316,591541
2015-09,351,591460
2015-09,53,591511
2015-09,442,591405
2015-09,270,591313
2015-09,10,591502
2015-09,97,1786332
2015-09,45,615248
2015-09,962,591456
2015-09,404,591414
2015-09,60,591465
2015-09,505,591297
2015-09,410,591269
2015-09,75,591440
2015-09,129,591462
2015-09,1403,591535
2015-09,129,591443
2015-09,479,591392
2015-09,3723,1791262
2015-09,527,591407
2015-09,915,591295
2015-09,245,1791462
2015-09,565,591454
2015-09,588,591539
2015-09,288,591355
2015-09,229,591319
2015-09,20,591366
2015-09,85,615246
2015-09,120,591324
2015-09,1750,591264
2015-09,412,591410
2015-09,314,591533
2015-09,140,591508
2015-09,105,591487
2015-09,120,591467
2015-09,80,591330
2015-09,340,591504
2015-09,235,591267
2015-09,725,591385
2015-09,5,591473
2015-09,346,591262
2015-09,175,591377
2015-09,855,591544
2015-09,370,591418
2015-09,474,591399
2015-09,625,591341
2015-09,342,615250
2015-09,704,591311
2015-09,800,591289
2015-09,293,591322
2015-09,354,591421
2015-09,49,591506
2015-09,380,1159530
2015-09,880,591275
2015-09,470,591388
2015-09,315,591273
2015-09,800,591284
2015-09,301,591401
2015-09,660,591416
2015-09,1239,591434
2015-09,760,591361
2015-09,497,591436
2015-09,108,591451
2015-09,807,591537
2015-09,295,591359
2015-10,42,591443
2015-10,163,591460
2015-10,9,591462
2015-10,315,591434
2015-10,258,591539
2015-10,40,591295
2015-10,120,1159530
2015-10,30,591447
2015-10,640,591282
2015-10,112,591429
2015-10,80,591440
2015-10,30,591432
2015-10,230,591326
2015-10,750,591445
2015-10,182,591341
2015-10,160,591401
2015-10,720,591370
2015-10,462,591438
2015-10,215,591379
2015-10,15,591260
2015-10,55,591436
2015-10,14,1786332
2015-10,155,591284
2015-10,120,591297
2015-10,97,591267
2015-10,238,591541
2015-10,70,591302
2015-10,246,615250
2015-10,383,591425
2015-10,236,591403
2015-10,8,591271
2015-10,30,591304
2015-10,195,591405
2015-10,409,591412
2015-10,122,591421
2015-10,47,591291
2015-10,38,591500
2015-10,70,591313
2015-10,945,591544
2015-10,78,591414
2015-10,595,591456
2015-10,5,591423
2015-10,387,591388
2015-10,295,591383
2015-10,50,591273
2015-10,198,591416
2015-10,50,591311
2015-10,2,591487
2015-10,11,591330
2015-10,440,591418
2015-10,151,591399
2015-10,282,591537
2015-10,623,591385
2015-10,30,591359
2015-10,205,591289
2015-10,477,591390
2015-10,206,591533
2015-10,31,591262
2015-10,115,591278
2015-10,109,591381
2015-10,354,591427
2015-10,166,591355
2015-10,585,591280
2015-10,20,591319
2015-10,444,591407
2015-10,262,591264
2015-10,520,591392
2015-10,154,591269
2015-10,245,591410
2015-10,103,1065041
2015-10,178,591454
2015-10,250,591535
2015-10,542,591394
2015-11,79,591407
2015-11,80,591341
2015-11,221,591401
2015-11,142,591539
2015-11,60,591436
2015-11,116,591416
2015-11,173,591392
2015-11,8,591443
2015-11,108,591385
2015-11,157,591399
2015-11,70,591535
2015-11,35,591289
2015-11,100,1791262
2015-11,50,591282
2015-11,22,591262
2015-11,387,591418
2015-11,50,591311
2015-11,32,591267
2015-11,59,591460
2015-11,276,591390
2015-11,66,591410
2015-11,115,591445
2015-11,10,591440
2015-11,30,591361
2015-11,74,591271
2015-11,107,591405
2015-11,79,591269
2015-11,168,591438
2015-11,15,591295
2015-11,78,591291
2015-11,44,591544
2015-11,30,591414
2015-11,3,591264
2015-11,120,591456
2015-11,110,591297
2015-11,181,591388
2015-11,45,591533
2015-11,45,591284
2015-11,35,591454
2015-11,7,1786332
2015-11,79,591412
2015-11,7,591487
2015-11,105,591403
2015-11,26,591432
2015-11,27,591541
2015-11,20,591500
2015-11,62,591383
2015-11,190,591434
2015-11,40,591379
2015-11,46,591304
2015-11,325,591425
2015-11,78,591326
2015-11,77,591423
2015-11,7,1065041
2015-11,82,591429
2015-11,8,591381
2015-11,130,591293
2015-11,150,591280
2015-11,25,591447
2015-11,22,591394
2015-11,50,1159530
2015-11,196,591427
2015-11,48,591421
2015-11,80,591302
2015-11,60,591359
2015-12,39,591423
2015-12,57,591544
2015-12,260,591392
2015-12,40,591535
2015-12,13,591432
2015-12,36,591412
2015-12,191,591388
2015-12,65,1913278
2015-12,29,591269
2015-12,10,591379
2015-12,50,591370
2015-12,40,591405
2015-12,20,591445
2015-12,58,591539
2015-12,10,591425
2015-12,38,591407
2015-12,4,1786332
2015-12,24,591533
2015-12,564,591394
2015-12,16,591381
2015-12,10,591427
2015-12,260,591438
2015-12,187,591390
2015-12,13,591434
2015-12,26,591403
2015-12,52,591401
2015-12,141,591385
2015-12,9,615250
2015-12,62,591537
2015-12,118,591418
2015-12,74,591341
2015-12,101,591383
2015-12,10,591506
2015-12,74,1159530
2015-12,45,591436
2015-12,86,591399
2015-12,44,591416
2015-12,10,591282
2015-12,74,591541
2015-12,18,591421
2016-01,166,591355
2016-01,77,591418
2016-01,12,591381
2016-01,36,591533
2016-01,105,591429
2016-01,16,1065041
2016-01,111,591434
2016-01,50,591458
2016-01,35,591410
2016-01,20,591487
2016-01,15,591267
2016-01,225,591392
2016-01,2,591443
2016-01,20,591282
2016-01,110,591535
2016-01,142,1159530
2016-01,25,591264
2016-01,30,591302
2016-01,235,591394
2016-01,70,591454
2016-01,95,591293
2016-01,128,591427
2016-01,59,591460
2016-01,25,591359
2016-01,65,591407
2016-01,30,591399
2016-01,9,591421
2016-01,120,591504
2016-01,30,591544
2016-01,104,591539
2016-01,130,591425
2016-01,13,591537
2016-01,166,591390
2016-01,35,591416
2016-01,85,591412
2016-01,40,591403
2016-01,98,591401
2016-01,81,591291
2016-01,10,591500
2016-01,48,591436
2016-01,85,591506
2016-01,42,591341
2016-01,26,591423
2016-01,10,591414
2016-01,30,591541
2016-01,75,591388
2016-01,16,591432
2016-01,7,591297
2016-01,50,591289
2016-01,35,1913278
2016-01,183,591438
2016-01,30,591280
2016-01,5,591304
2016-01,35,591326
2016-01,11,615250
2016-01,110,591385
2016-01,10,591271
2016-01,70,591284
2016-01,115,591445
2016-01,47,591405
2016-01,93,591383
2016-01,8,591379
2016-01,90,591300
2016-02,2230,591289
2016-02,820,591293
2016-02,210,591447
2016-02,683,591460
2016-02,6039,591456
2016-02,185,591267
2016-02,250,1914787
2016-02,685,1913278
2016-02,2542,591445
2016-02,490,591359
2016-02,101,591458
2016-02,165,1801903
2016-02,810,591361
2016-02,2372,591291
2016-02,2943,591454
2016-02,520,1791462
2016-02,179,591451
2016-02,208,591399
2016-02,429,591392
2016-02,305,591388
2016-02,390,591410
2016-02,1501,591537
2016-02,235,615246
2016-02,1203,591427
2016-02,387,591319
2016-02,158,591487
2016-02,1980,591302
2016-02,281,1065041
2016-02,2204,591394
2016-02,1880,591429
2016-02,475,591339
2016-02,482,591533
2016-02,124,591414
2016-02,39,591260
2016-02,7450,591280
2016-02,182,591269
2016-02,460,591379
2016-02,156,591381
2016-02,925,591264
2016-02,515,591390
2016-02,1110,591337
2016-02,255,591308
2016-02,25,591511
2016-02,295,591262
2016-02,137,591421
2016-02,900,591275
2016-02,50,591504
2016-02,145,591333
2016-02,50,591502
2016-02,758,591412
2016-02,132,591383
2016-02,74,591271
2016-02,238,591423
2016-02,580,591500
2016-02,95,591405
2016-02,180,591286
2016-02,335,591403
2016-02,1529,591304
2016-02,939,591425
2016-02,135,591432
2016-02,197,591418
2016-02,100,591476
2016-02,490,591465
2016-02,105,1786332
2016-02,1052,591326
2016-02,470,591440
2016-02,480,591366
2016-02,735,591324
2016-02,455,591535
2016-02,405,591462
2016-02,273,591355
2016-02,1560,591295
2016-02,4,591443
2016-02,380,591416
2016-02,529,591539
2016-02,2564,1791262
2016-02,365,591311
2016-02,1583,591273
2016-02,95,591508
2016-02,187,615248
2016-02,890,591313
2016-02,236,591341
2016-02,280,591284
2016-02,481,591541
2016-02,695,591300
2016-02,879,591434
2016-02,1250,591282
2016-02,2280,591385
2016-02,332,591544
2016-02,318,591330
2016-02,270,591473
2016-02,250,591322
2016-02,395,1159530
2016-02,305,591436
2016-02,830,591335
2016-02,270,591407
2016-02,740,591467
2016-02,1667,591297
2016-02,10600,591370
2016-02,1194,591438
2016-02,302,591401
2016-02,239,615250
2016-03,1150,615248
2016-03,500,591286
2016-03,260,591271
2016-03,5596,591264
2016-03,1288,591544
2016-03,595,591269
2016-03,1195,591535
2016-03,2350,1913278
2016-03,400,1914784
2016-03,1110,1914787
2016-03,100,1914813
2016-03,1470,1940510
2016-03,1780,1945149
2016-03,349,591511
2016-03,7518,591533
2016-03,1115,1801903
2016-03,17699,591456
2016-03,1365,591476
2016-03,3405,591282
2016-03,700,591473
2016-03,3870,1791462
2016-03,1655,1159530
2016-03,1065,591467
2016-03,1387,591541
2016-03,2360,591284
2016-03,990,1786332
2016-03,720,591462
2016-03,1276,591460
2016-03,7136,1791262
2016-03,1390,591267
2016-03,846,591539
2016-03,575,591465
2016-03,10685,591280
2016-03,295,591260
2016-03,1228,1065041
2016-03,6744,591289
2016-03,3990,591273
2016-03,366,591506
2016-03,450,591504
2016-03,750,615250
2016-03,1216,591262
2016-03,2400,591275
2016-03,3150,591502
2016-03,149,762465
2016-03,790,591500
2016-03,815,1913275
2016-03,495,591278
2016-03,739,591458
2016-03,1818,591537
2016-03,410,591487
2016-03,450,591508
2016-03,1599,591355
2016-03,8468,591295
2016-03,702,591383
2016-03,1030,591308
2016-03,580,591421
2016-03,612,591330
2016-03,1165,591392
2016-03,2480,591293
2016-03,605,591447
2016-03,1758,591394
2016-03,2771,591434
2016-03,5000,591337
2016-03,2010,591300
2016-03,633,591432
2016-03,2080,591313
2016-03,2476,591326
2016-03,957,591399
2016-03,1003,591405
2016-03,14131,591445
2016-03,521,591322
2016-03,3206,591311
2016-03,1149,591341
2016-03,3130,591319
2016-03,1760,591440
2016-03,875,591361
2016-03,47,591443
2016-03,1044,591418
2016-03,1273,591333
2016-03,1691,591385
2016-03,1600,591335
2016-03,1795,591390
2016-03,2327,591438
2016-03,3210,591297
2016-03,905,591410
2016-03,10855,591370
2016-03,693,591407
2016-03,595,591436
2016-03,1466,591416
2016-03,1915,591451
2016-03,1130,591388
2016-03,5800,591324
2016-03,1256,591377
2016-03,2307,591339
2016-03,410,591381
2016-03,990,591359
2016-03,4549,591427
2016-03,12415,591454
2016-03,1250,591403
2016-03,20343,591291
2016-03,1255,591379
2016-03,826,591423
2016-03,2691,591425
2016-03,1195,591412
2016-03,5360,591304
2016-03,4107,591302
2016-03,523,591414
2016-03,4261,591429
2016-03,976,591401
2016-04,10,615246
2016-04,1200,591359
2016-04,10794,591370
2016-04,1538,591297
2016-04,922,591407
2016-04,160,591467
2016-04,625,591436
2016-04,1770,591264
2016-04,130,1914787
2016-04,10435,591280
2016-04,3524,591438
2016-04,325,1914813
2016-04,850,591440
2016-04,465,615248
2016-04,3177,591425
2016-04,1380,591361
2016-04,504,591465
2016-04,1131,591401
2016-04,730,591333
2016-04,1338,591418
2016-04,1885,591284
2016-04,6182,1791262
2016-04,28,591278
2016-04,2710,591390
2016-04,410,591504
2016-04,1085,591403
2016-04,1300,591423
2016-04,550,591308
2016-04,1805,591324
2016-04,1555,591535
2016-04,1970,591502
2016-04,732,591432
2016-04,315,591487
2016-04,120,591476
2016-04,350,591366
2016-04,1535,591300
2016-04,3608,591269
2016-04,1105,591541
2016-04,749,591405
2016-04,1832,591326
2016-04,1321,591399
2016-04,6225,591429
2016-04,1385,591322
2016-04,250,1913275
2016-04,630,591388
2016-04,1457,591539
2016-04,2576,591434
2016-04,1270,591267
2016-04,1605,591544
2016-04,4254,591304
2016-04,320,591330
2016-04,2228,591302
2016-04,1395,591392
2016-04,591,591421
2016-04,181,591473
2016-04,333,1786332
2016-04,145,1914784
2016-04,5040,591282
2016-04,4600,591427
2016-04,1066,591500
2016-04,800,1913278
2016-04,7781,591275
2016-04,2345,591341
2016-04,2001,591394
2016-04,2736,591537
2016-04,1406,591319
2016-04,411,591458
2016-04,1710,591337
2016-04,1909,591533
2016-04,803,1801903
2016-04,790,591447
2016-04,4716,591293
2016-04,2375,591313
2016-04,70,762465
2016-04,735,591311
2016-04,350,1940510
2016-04,624,591460
2016-04,395,591273
2016-04,1305,591410
2016-04,850,591262
2016-04,5490,591445
2016-04,385,591260
2016-04,683,591355
2016-04,670,591508
2016-04,768,591339
2016-04,1005,591379
2016-04,1249,591412
2016-04,1200,591511
2016-04,2776,591454
2016-04,1185,591291
2016-04,635,591377
2016-04,635,1159530
2016-04,681,591414
2016-04,12771,591456
2016-04,869,1065041
2016-04,884,591381
2016-04,278,591271
2016-04,2237,591289
2016-04,2239,591451
2016-04,2245,1791462
2016-04,1151,615250
2016-04,858,591383
2016-04,640,591462
2016-04,120,591506
2016-04,191,591335
2016-04,895,591286
2016-04,2438,591295
2016-04,45,591443
2016-04,1513,591416
2016-04,2232,591385
2016-05,655,591267
2016-05,8983,591280
2016-05,3728,591429
2016-05,290,591366
2016-05,159,591451
2016-05,1221,591291
2016-05,1825,591289
2016-05,579,1913278
2016-05,400,1913275
2016-05,455,591322
2016-05,410,591286
2016-05,475,591508
2016-05,2545,591304
2016-05,1421,591295
2016-05,900,1159530
2016-05,270,1945149
2016-05,2408,591326
2016-05,687,591414
2016-05,1518,591405
2016-05,205,591465
2016-05,3310,591300
2016-05,1617,591541
2016-05,3571,591438
2016-05,457,591476
2016-05,1034,591381
2016-05,1383,591399
2016-05,483,591462
2016-05,3588,591361
2016-05,1335,591412
2016-05,785,591339
2016-05,3379,591425
2016-05,250,1914813
2016-05,1110,591388
2016-05,1420,591403
2016-05,1675,591379
2016-05,1696,591533
2016-05,485,591278
2016-05,1312,591423
2016-05,920,1801903
2016-05,590,591377
2016-05,1482,591401
2016-05,100,591511
2016-05,1370,591359
2016-05,2115,591454
2016-05,505,615248
2016-05,3480,591324
2016-05,1325,591273
2016-05,975,591302
2016-05,1027,591440
2016-05,815,591456
2016-05,279,591271
2016-05,1391,1065041
2016-05,55,591500
2016-05,1590,591416
2016-05,1379,591539
2016-05,8356,1791262
2016-05,639,591487
2016-05,3559,591427
2016-05,10189,591370
2016-05,264,591260
2016-05,773,591432
2016-05,920,1940510
2016-05,415,591458
2016-05,111,762465
2016-05,5940,591282
2016-05,3310,591385
2016-05,2200,591311
2016-05,2041,591544
2016-05,2032,591445
2016-05,1905,591284
2016-05,87,591506
2016-05,3137,591264
2016-05,1109,591355
2016-05,838,591308
2016-05,1649,1791462
2016-05,2205,591297
2016-05,3095,591390
2016-05,833,591436
2016-05,110,591330
2016-05,1365,591410
2016-05,4024,591537
2016-05,266,591335
2016-05,639,591262
2016-05,115,615246
2016-05,1110,591407
2016-05,315,591467
2016-05,1485,615250
2016-05,300,1914787
2016-05,525,591269
2016-05,899,591460
2016-05,140,1914784
2016-05,1804,591418
2016-05,442,1786332
2016-05,1468,591535
2016-05,1400,591337
2016-05,1560,591392
2016-05,750,591333
2016-05,3015,591434
2016-05,1307,591394
2016-05,1150,591447
2016-05,104,591443
2016-05,4385,591293
2016-05,2340,591341
2016-05,1410,591275
2016-05,1110,591502
2016-05,745,591421
2016-05,360,591473
2016-05,1452,591383
2016-05,850,591319
2016-05,330,591313
2016-06,2770,591502
2016-06,1652,591418
2016-06,2510,591412
2016-06,172,591506
2016-06,911,591269
2016-06,1136,591414
2016-06,1795,591359
2016-06,1904,591423
2016-06,1545,591405
2016-06,1418,591403
2016-06,1385,591407
2016-06,1732,591535
2016-06,2625,591273
2016-06,4893,591361
2016-06,1701,591308
2016-06,4718,591304
2016-06,990,591421
2016-06,1590,591410
2016-06,3115,591311
2016-06,460,1913275
2016-06,855,591322
2016-06,2540,1791462
2016-06,250,591500
2016-06,844,591508
2016-06,1805,591319
2016-06,4610,591275
2016-06,390,591511
2016-06,5463,591533
2016-06,2110,1801903
2016-06,2045,591416
2016-06,860,591313
2016-06,10563,1791262
2016-06,905,591377
2016-06,4386,591537
2016-06,238,591443
2016-06,4369,591295
2016-06,976,591462
2016-06,2945,591385
2016-06,1188,591262
2016-06,1700,591355
2016-06,654,615248
2016-06,1705,591440
2016-06,1380,591388
2016-06,14005,591370
2016-06,505,591465
2016-06,1385,591333
2016-06,2380,591284
2016-06,3304,591390
2016-06,3974,591425
2016-06,4063,591438
2016-06,510,1914787
2016-06,790,591467
2016-06,150,615246
2016-06,235,591330
2016-06,1256,591436
2016-06,320,1914813
2016-06,2511,591297
2016-06,515,591286
2016-06,1160,591335
2016-06,1091,591339
2016-06,1966,591379
2016-06,4140,591454
2016-06,1779,1065041
2016-06,385,591451
2016-06,6482,591456
2016-06,1925,1945149
2016-06,2505,591289
2016-06,3460,591291
2016-06,1081,591381
2016-06,1435,1159530
2016-06,713,591260
2016-06,766,591458
2016-06,2995,591337
2016-06,1342,591447
2016-06,5455,591293
2016-06,2628,1940510
2016-06,370,762465
2016-06,4006,591445
2016-06,1450,591383
2016-06,1398,591460
2016-06,1877,615250
2016-06,2566,591544
2016-06,464,591271
2016-06,1674,591539
2016-06,4194,591324
2016-06,868,591476
2016-06,6100,591429
2016-06,729,591487
2016-06,4720,591427
2016-06,1566,591541
2016-06,964,591432
2016-06,2972,591300
2016-06,1508,591399
2016-06,6912,591282
2016-06,2920,591341
2016-06,960,591267
2016-06,590,591366
2016-06,13180,591280
2016-06,3252,591326
2016-06,1680,591394
2016-06,770,1913278
2016-06,1486,591401
2016-06,225,1914784
2016-06,3046,591264
2016-06,740,591278
2016-06,2010,591392
2016-06,506,591473
2016-06,442,1786332
2016-06,1584,591302
2016-06,3462,591434
2016-07,152,762465
2016-07,2260,591410
2016-07,666,591339
2016-07,5358,591537
2016-07,2063,591539
2016-07,1242,591267
2016-07,2890,1791462
2016-07,1745,591313
2016-07,1485,591322
2016-07,2996,591341
2016-07,3792,591337
2016-07,1323,591260
2016-07,2674,1065041
2016-07,3230,591403
2016-07,1453,591381
2016-07,2459,591401
2016-07,12015,591324
2016-07,980,591511
2016-07,3452,591379
2016-07,3587,591544
2016-07,2771,615250
2016-07,1850,1159530
2016-07,3178,591392
2016-07,1127,591330
2016-07,2979,591407
2016-07,3151,591412
2016-07,1039,591269
2016-07,625,615246
2016-07,4081,591390
2016-07,2863,591319
2016-07,5462,591264
2016-07,528,1786332
2016-07,933,591333
2016-07,2765,591388
2016-07,2203,591383
2016-07,5789,591533
2016-07,17170,1791262
2016-07,2159,591394
2016-07,778,615248
2016-07,21832,591370
2016-07,1780,591262
2016-07,1848,591541
2016-07,4381,591385
2016-07,2120,591405
2016-07,3155,591326
2016-07,3005,591399
2016-07,630,591366
2016-07,1540,591335
2016-07,2975,591535
2016-07,6852,591361
2016-07,2230,591359
2016-07,235,1914784
2016-07,1635,591421
2016-07,1575,591308
2016-07,1056,591465
2016-07,8630,591429
2016-07,926,591458
2016-07,2008,591447
2016-07,2823,591418
2016-07,8187,591427
2016-07,19877,591280
2016-07,240,591504
2016-07,2060,1801903
2016-07,1540,1913278
2016-07,497,1914787
2016-07,1830,591273
2016-07,5110,591291
2016-07,4736,591438
2016-07,885,591286
2016-07,3575,591416
2016-07,1151,591487
2016-07,6295,591293
2016-07,5330,591425
2016-07,1881,591423
2016-07,541,591500
2016-07,895,1914813
2016-07,627,591443
2016-07,1223,591462
2016-07,700,1913275
2016-07,3500,1940510
2016-07,1972,591460
2016-07,7664,591304
2016-07,3352,591278
2016-07,3606,591295
2016-07,3017,591302
2016-07,8768,591445
2016-07,2405,591502
2016-07,1900,591440
2016-07,4840,591275
2016-07,728,591506
2016-07,3210,591284
2016-07,3710,1945149
2016-07,2651,591436
2016-07,1180,591467
2016-07,9125,591454
2016-07,1124,591508
2016-07,1312,591355
2016-07,1762,591414
2016-07,1345,591432
2016-07,1149,591476
2016-07,2772,591297
2016-07,1245,591377
2016-07,365,591473
2016-07,4593,591434
2016-07,21222,591456
2016-07,4995,591311
2016-07,8875,591282
2016-07,528,591451
2016-07,3245,591300
2016-07,4230,591289
2016-07,1051,591271
2016-08,2376,591297
2016-08,1771,591302
2016-08,2642,591434
2016-08,2930,591295
2016-08,452,591462
2016-08,3250,591425
2016-08,3412,591264
2016-08,1895,591392
2016-08,3453,591278
2016-08,3145,591544
2016-08,1405,591341
2016-08,5551,591282
2016-08,170,591473
2016-08,576,591443
2016-08,5410,591370
2016-08,1394,591262
2016-08,675,591267
2016-08,964,591333
2016-08,746,591355
2016-08,3180,591385
2016-08,2585,591537
2016-08,2047,591401
2016-08,168,1786332
2016-08,2330,591440
2016-08,300,591366
2016-08,630,591467
2016-08,2507,591326
2016-08,2595,591300
2016-08,3193,591390
2016-08,235,615246
2016-08,3170,591438
2016-08,730,1913278
2016-08,476,591476
2016-08,244,1914787
2016-08,2864,591399
2016-08,1665,591284
2016-08,682,615248
2016-08,9737,591280
2016-08,423,591330
2016-08,180,591465
2016-08,1645,591436
2016-08,5321,591429
2016-08,644,591352
2016-08,1412,591394
2016-08,3420,591427
2016-08,2125,591388
2016-08,1567,591539
2016-08,846,591432
2016-08,545,591487
2016-08,1490,591324
2016-08,885,591541
2016-08,270,1913275
2016-08,2453,591533
2016-08,1000,591322
2016-08,2360,591416
2016-08,1619,591291
2016-08,1082,591273
2016-08,785,591381
2016-08,2407,591337
2016-08,1189,591447
2016-08,2518,591361
2016-08,737,591260
2016-08,660,591286
2016-08,969,591269
2016-08,2408,591418
2016-08,2520,591407
2016-08,1880,1801903
2016-08,290,591458
2016-08,1006,591308
2016-08,370,591506
2016-08,1898,591311
2016-08,2399,591410
2016-08,8524,591456
2016-08,530,591377
2016-08,2580,591412
2016-08,920,591271
2016-08,417,591339
2016-08,3884,591454
2016-08,1980,591289
2016-08,699,591511
2016-08,1295,591421
2016-08,2325,591379
2016-08,548,591508
2016-08,1125,591414
2016-08,195,1945149
2016-08,1445,591359
2016-08,810,591313
2016-08,1862,1065041
2016-08,403,591451
2016-08,1955,1791462
2016-08,2024,591319
2016-08,1707,591423
2016-08,1148,591335
2016-08,1710,591275
2016-08,1070,1940510
2016-08,1190,591460
2016-08,1847,591405
2016-08,264,591500
2016-08,1245,1159530
2016-08,2560,615250
2016-08,2119,591383
2016-08,1411,591403
2016-08,40,1914784
2016-08,2290,1791262
2016-08,315,1914813
2016-08,51,762465
2016-08,2120,591535
2016-08,5951,591445
2016-08,3708,591304
2016-08,4335,591293
2016-08,1230,591502
2016-09,1167,591544
2016-09,2490,591282
2016-09,55,591333
2016-09,606,591297
2016-09,1430,591451
2016-09,1770,591385
2016-09,185,591286
2016-09,278,591460
2016-09,120,591377
2016-09,1170,591379
2016-09,670,591454
2016-09,835,615250
2016-09,219,591443
2016-09,470,591289
2016-09,250,1945149
2016-09,575,591436
2016-09,150,1914813
2016-09,110,591339
2016-09,115,591458
2016-09,93,591462
2016-09,250,591388
2016-09,116,591295
2016-09,55,1914787
2016-09,440,591445
2016-09,175,591465
2016-09,99,591260
2016-09,160,591293
2016-09,90,615248
2016-09,130,591440
2016-09,341,591447
2016-09,50,1940510
2016-09,388,1065041
2016-09,305,591381
2016-09,701,591383
2016-09,50,615246
2016-09,327,591291
2016-09,195,1159530
2016-09,4075,591370
2016-09,1851,591456
2016-09,345,591262
2016-09,195,591467
2016-09,140,591335
2016-09,1693,591390
2016-09,191,591330
2016-09,1487,591438
2016-09,700,591284
2016-09,125,1786332
2016-09,999,591423
2016-09,2525,591280
2016-09,930,591399
2016-09,30,591313
2016-09,840,591429
2016-09,326,591322
2016-09,115,1913275
2016-09,286,591427
2016-09,785,591311
2016-09,1105,591537
2016-09,633,591539
2016-09,930,591410
2016-09,163,591319
2016-09,46,591487
2016-09,690,591324
2016-09,2074,591425
2016-09,49,591506
2016-09,115,591302
2016-09,1100,591416
2016-09,110,591502
2016-09,240,591308
2016-09,465,591533
2016-09,1793,591278
2016-09,798,591401
2016-09,230,1801903
2016-09,1865,591418
2016-09,230,591273
2016-09,230,591267
2016-09,316,591269
2016-09,706,591341
2016-09,637,591361
2016-09,745,591403
2016-09,920,591407
2016-09,648,591414
2016-09,1032,591434
2016-09,245,591392
2016-09,607,591405
2016-09,40,591473
2016-09,530,591304
2016-09,332,591355
2016-09,716,591275
2016-09,760,591412
2016-09,155,591271
2016-09,1235,591264
2016-09,510,591535
2016-09,539,591432
2016-09,320,1913278
2016-09,444,591541
2016-09,500,591421
2016-09,470,1791462
2016-09,200,591500
2016-09,80,591508
2016-09,330,591359
2016-09,2780,1791262
2016-09,378,591511
2016-09,1140,591394
2016-09,780,591300
2016-09,40,591476
2016-09,352,591326
2016-10,117,591269
2016-10,53,591260
2016-10,20,591458
2016-10,572,591418
2016-10,380,1791262
2016-10,615,591445
2016-10,500,591405
2016-10,158,591421
2016-10,256,591535
2016-10,120,591319
2016-10,250,591337
2016-10,154,591447
2016-10,295,1791462
2016-10,467,591412
2016-10,40,591377
2016-10,50,591339
2016-10,403,591454
2016-10,51,591271
2016-10,30,1945149
2016-10,113,591359
2016-10,240,591289
2016-10,70,591508
2016-10,22,591511
2016-10,175,591379
2016-10,355,591407
2016-10,62,591451
2016-10,210,1065041
2016-10,20,591313
2016-10,120,591311
2016-10,250,591410
2016-10,40,591506
2016-10,380,1801903
2016-10,877,591456
2016-10,682,591416
2016-10,83,591533
2016-10,124,591381
2016-10,183,591291
2016-10,140,591273
2016-10,240,591414
2016-10,280,591383
2016-10,196,591297
2016-10,249,591355
2016-10,25,591302
2016-10,45,615248
2016-10,325,591293
2016-10,15,591487
2016-10,170,591284
2016-10,40,591295
2016-10,40,1914787
2016-10,244,591539
2016-10,448,591388
2016-10,601,591427
2016-10,220,591324
2016-10,321,591399
2016-10,40,591440
2016-10,1185,591280
2016-10,598,591438
2016-10,40,1913278
2016-10,100,591300
2016-10,407,591326
2016-10,65,591432
2016-10,460,591394
2016-10,5,591476
2016-10,595,591390
2016-10,60,591467
2016-10,250,591436
2016-10,47,591330
2016-10,322,591541
2016-10,474,591429
2016-10,855,591264
2016-10,150,591278
2016-10,170,591262
2016-10,220,591304
2016-10,152,591275
2016-10,82,591500
2016-10,249,591460
2016-10,245,1159530
2016-10,3606,591392
2016-10,534,615250
2016-10,290,591403
2016-10,550,591434
2016-10,107,591423
2016-10,47,591443
2016-10,582,591537
2016-10,284,591401
2016-10,270,591361
2016-10,790,591282
2016-10,25,591473
2016-10,2532,591341
2016-10,1155,591385
2016-10,474,591544
2016-10,1120,591370
2016-10,90,591333
2016-10,30,591267
2016-10,9,591462
2016-10,817,591425
2016-10,20,1913275
2016-10,105,591322
2016-10,55,1786332
2016-11,100,1913278
2016-11,60,1801903
2016-11,13,1786332
2016-11,140,1940510
2016-11,287,591370
2016-11,208,591341
2016-11,70,591361
2016-11,20,1159530
2016-11,50,591359
2016-11,85,1791462
2016-11,91,591454
2016-11,13,591271
2016-11,40,591313
2016-11,180,591410
2016-11,90,1945149
2016-11,112,591297
2016-11,136,591533
2016-11,465,591282
2016-11,120,591407
2016-11,305,591434
2016-11,50,591269
2016-11,108,591405
2016-11,100,591535
2016-11,355,591438
2016-11,470,591425
2016-11,256,591537
2016-11,20,591322
2016-11,135,591295
2016-11,135,591436
2016-11,8,591511
2016-11,158,591412
2016-11,5,591473
2016-11,128,591423
2016-11,17,591500
2016-11,10,591302
2016-11,20,591304
2016-11,23,591487
2016-11,163,591427
2016-11,85,591421
2016-11,130,591280
2016-11,155,591418
2016-11,20,591273
2016-11,148,591416
2016-11,35,591311
2016-11,65,591429
2016-11,98,591414
2016-11,15,591508
2016-11,120,591379
2016-11,59,591432
2016-11,60,591284
2016-11,20,591267
2016-11,110,591403
2016-11,187,591539
2016-11,200,591544
2016-11,66,591401
2016-11,20,591458
2016-11,150,591388
2016-11,25,615248
2016-11,30,591447
2016-11,67,591262
2016-11,175,591392
2016-11,370,591385
2016-11,65,591291
2016-11,453,591456
2016-11,140,591383
2016-11,30,591451
2016-11,34,591381
2016-11,67,1065041
2016-11,25,591289
2016-11,120,615250
2016-11,310,591445
2016-11,575,591390
2016-11,175,591293
2016-11,50,591440
2016-11,10,591443
2016-11,133,591399
2016-11,260,591394
2016-11,92,591541
2016-11,75,591460
2016-11,356,591278
2016-11,187,591326
2016-11,238,591264
2016-12,40,591432
2016-12,221,591425
2016-12,55,591289
2016-12,40,591284
2016-12,20,591295
2016-12,6,591487
2016-12,306,591438
2016-12,441,591434
2016-12,144,591427
2016-12,1034,591456
2016-12,6,591443
2016-12,84,591436
2016-12,475,591280
2016-12,155,591291
2016-12,93,591297
2016-12,53,591447
2016-12,529,591445
2016-12,5,591458
2016-12,112,591429
2016-12,17,591467
2016-12,337,591282
2016-12,40,1913278
2016-12,50,591293
2016-12,75,591460
2016-12,55,591379
2016-12,46,591500
2016-12,151,591539
2016-12,60,591324
2016-12,120,591399
2016-12,130,591394
2016-12,2,1786332
2016-12,155,591541
2016-12,33,591264
2016-12,110,591326
2016-12,1441,591392
2016-12,116,591544
2016-12,385,591390
2016-12,170,591388
2016-12,72,591262
2016-12,145,591385
2016-12,185,1159530
2016-12,135,615250
2016-12,10,591335
2016-12,172,591383
2016-12,23,591381
2016-12,680,591370
2016-12,43,1065041
2016-12,21,591267
2016-12,92,591401
2016-12,25,591322
2016-12,133,591537
2016-12,1566,591275
2016-12,15,591304
2016-12,130,1801903
2016-12,50,591421
2016-12,123,591418
2016-12,242,591416
2016-12,45,591414
2016-12,3,591271
2016-12,20,591359
2016-12,70,591311
2016-12,61,591423
2016-12,50,1791462
2016-12,8,591511
2016-12,150,591410
2016-12,215,591341
2016-12,178,591454
2016-12,114,591533
2016-12,55,591407
2016-12,60,591319
2016-12,149,591405
2016-12,138,591535
2016-12,79,591403
2016-12,137,591412
2016-12,10,1967699
