date,whether,temperature
2014-01-01,«Á,16
2014-01-02,«Á,17
2014-01-03,∂‡‘∆,16
2014-01-04,∂‡‘∆,12
2014-01-05,«Á,12
2014-01-06,«Á,14
2014-01-07,–°”Í,11
2014-01-08,–°”Í,8
2014-01-09,∂‡‘∆,8
2014-01-10,∂‡‘∆,8
2014-01-11,–°”Í,7
2014-01-12,–°”Í,5
2014-01-13,“ı,6
2014-01-14,∂‡‘∆,8
2014-01-15,«Á,8
2014-01-16,«Á,11
2014-01-17,∂‡‘∆,13
2014-01-18,«Á,9
2014-01-19,ˆ≤,11
2014-01-20,∂‡‘∆,11
2014-01-21,«Á,7
2014-01-22,«Á,8
2014-01-23,«Á,12
2014-01-24,«Á,17
2014-01-25,∂‡‘∆,18
2014-01-26,∂‡‘∆,11
2014-01-27,«Á,14
2014-01-28,∂‡‘∆,16
2014-01-29,–°”Í,14
2014-01-30,«Á,20
2014-01-31,«Á,24
2014-02-01,∂‡‘∆,24
2014-02-02,∂‡‘∆,21
2014-02-03,–°”Í,11
2014-02-04,∂‡‘∆,8
2014-02-05,–°”Í,9
2014-02-06,–°”Í,9
2014-02-07,÷–”Í,8
2014-02-08,“ı,6
2014-02-09,–°—©,2
2014-02-10,∂‡‘∆,3
2014-02-11,∂‡‘∆,4
2014-02-12,”Íº–—©,4
2014-02-13,”Íº–—©,4
2014-02-14,∂‡‘∆,7
2014-02-15,∂‡‘∆,10
2014-02-16,–°”Í,9
2014-02-17,–°”Í,8
2014-02-18,÷–—©,2
2014-02-19,“ı,4
2014-02-20,«Á,8
2014-02-21,∂‡‘∆,10
2014-02-22,∂‡‘∆,13
2014-02-23,∂‡‘∆,14
2014-02-24,–°”Í,10
2014-02-25,–°”Í,12
2014-02-26,“ı,14
2014-02-27,“ı,14
2014-02-28,–°”Í,10
2014-03-01,–°”Í,9
2014-03-02,∂‡‘∆,11
2014-03-03,“ı,12
2014-03-04,“ı,12
2014-03-05,∂‡‘∆,12
2014-03-06,”Íº–—©,6
2014-03-07,–°”Í,9
2014-03-08,–°”Í,6
2014-03-09,∂‡‘∆,13
2014-03-10,«Á,15
2014-03-11,«Á,18
2014-03-12,–°”Í,17
2014-03-13,∂‡‘∆,13
2014-03-14,«Á,18
2014-03-15,«Á,20
2014-03-16,∂‡‘∆,24
2014-03-17,∂‡‘∆,25
2014-03-18,∂‡‘∆,28
2014-03-19,÷–”Í,15
2014-03-20,∂‡‘∆,13
2014-03-21,«Á,16
2014-03-22,«Á,19
2014-03-23,∂‡‘∆,20
2014-03-24,“ı,21
2014-03-25,’Û”Í,20
2014-03-26,∂‡‘∆,26
2014-03-27,∂‡‘∆,25
2014-03-28,’Û”Í,23
2014-03-29,’Û”Í,22
2014-03-30,∂‡‘∆,22
2014-03-31,’Û”Í,17
2014-04-01,“ı,18
2014-04-02,“ı,19
2014-04-03,“ı,19
2014-04-04,«Á,20
2014-04-05,«Á,24
2014-04-06,∂‡‘∆,18
2014-04-07,“ı,19
2014-04-08,“ı,22
2014-04-09,∂‡‘∆,24
2014-04-10,«Á,27
2014-04-11,’Û”Í,24
2014-04-12,÷–”Í,21
2014-04-13,“ı,18
2014-04-14,∂‡‘∆,22
2014-04-15,«Á,24
2014-04-16,’Û”Í,22
2014-04-17,’Û”Í,25
2014-04-18,“ı,23
2014-04-19,÷–”Í,16
2014-04-20,“ı,17
2014-04-21,÷–”Í,16
2014-04-22,’Û”Í,17
2014-04-23,∂‡‘∆,24
2014-04-24,“ı,21
2014-04-25,’Û”Í,21
2014-04-26,’Û”Í,22
2014-04-27,’Û”Í,22
2014-04-28,∂‡‘∆,23
2014-04-29,«Á,25
2014-04-30,«Á,26
2014-05-01,«Á,28
2014-05-02,∂‡‘∆,31
2014-05-03,∂‡‘∆,24
2014-05-04,–°µΩ÷–”Í,20
2014-05-05,∂‡‘∆,22
2014-05-06,«Á,24
2014-05-07,∂‡‘∆,28
2014-05-08,∂‡‘∆,30
2014-05-09,’Û”Í,23
2014-05-10,’Û”Í,24
2014-05-11,–°”Í,25
2014-05-12,∂‡‘∆,26
2014-05-13,’Û”Í,26
2014-05-14,“ı,27
2014-05-15,∂‡‘∆,27
2014-05-16,’Û”Í,28
2014-05-17,÷–”Í,22
2014-05-18,“ı,22
2014-05-19,’Û”Í,25
2014-05-20,∂‡‘∆,29
2014-05-21,∂‡‘∆,30
2014-05-22,’Û”Í,26
2014-05-23,∂‡‘∆,26
2014-05-24,∂‡‘∆,30
2014-05-25,–°µΩ÷–”Í,30
2014-05-26,“ı,31
2014-05-27,∂‡‘∆,32
2014-05-28,«Á,34
2014-05-29,∂‡‘∆,34
2014-05-30,∂‡‘∆,32
2014-05-31,’Û”Í,28
2014-06-01,¥Û”Í,27
2014-06-02,∂‡‘∆,31
2014-06-03,∂‡‘∆,30
2014-06-04,∂‡‘∆,29
2014-06-05,∂‡‘∆,30
2014-06-06,∂‡‘∆,31
2014-06-07,∂‡‘∆,32
2014-06-08,∂‡‘∆,32
2014-06-09,∂‡‘∆,31
2014-06-10,“ı,30
2014-06-11,∂‡‘∆,30
2014-06-12,∂‡‘∆,30
2014-06-13,∂‡‘∆,32
2014-06-14,∂‡‘∆,33
2014-06-15,∂‡‘∆,32
2014-06-16,’Û”Í,31
2014-06-17,’Û”Í,27
2014-06-18,“ı,30
2014-06-19,∂‡‘∆,32
2014-06-20,÷–”Í,29
2014-06-21,¥Û”Í,27
2014-06-22,’Û”Í,24
2014-06-23,“ı,26
2014-06-24,“ı,27
2014-06-25,’Û”Í,25
2014-06-26,÷–”Í,26
2014-06-27,’Û”Í,26
2014-06-28,’Û”Í,26
2014-06-29,’Û”Í,28
2014-06-30,÷–”Í,26
2014-07-01,’Û”Í,27
2014-07-02,¥Û”Í,26
2014-07-03,∂‡‘∆,32
2014-07-04,’Û”Í,29
2014-07-05,’Û”Í,30
2014-07-06,’Û”Í,30
2014-07-07,∂‡‘∆,32
2014-07-08,∂‡‘∆,32
2014-07-09,∂‡‘∆,34
2014-07-10,«Á,35
2014-07-11,¿◊’Û”Í,36
2014-07-12,¿◊’Û”Í,34
2014-07-13,÷–µΩ¥Û”Í,28
2014-07-14,“ı,31
2014-07-15,÷–”Í,27
2014-07-16,¿◊’Û”Í,33
2014-07-17,∂‡‘∆,34
2014-07-18,∂‡‘∆,36
2014-07-19,∂‡‘∆,36
2014-07-20,«Á,37
2014-07-21,«Á,38
2014-07-22,«Á,38
2014-07-23,’Û”Í,36
2014-07-24,÷–”Í,32
2014-07-25,’Û”Í,32
2014-07-26,¿◊’Û”Í,34
2014-07-27,¿◊’Û”Í,33
2014-07-28,¿◊’Û”Í,34
2014-07-29,∂‡‘∆,35
2014-07-30,«Á,36
2014-07-31,∂‡‘∆,34
2014-08-01,÷–”Í,29
2014-08-02,’Û”Í,30
2014-08-03,«Á,36
2014-08-04,«Á,36
2014-08-05,¿◊’Û”Í,36
2014-08-06,∂‡‘∆,36
2014-08-07,¿◊’Û”Í,35
2014-08-08,¿◊’Û”Í,33
2014-08-09,∂‡‘∆,32
2014-08-10,∂‡‘∆,31
2014-08-11,’Û”Í,29
2014-08-12,’Û”Í,26
2014-08-13,’Û”Í,30
2014-08-14,÷–”Í,28
2014-08-15,“ı,30
2014-08-16,’Û”Í,28
2014-08-17,’Û”Í,25
2014-08-18,’Û”Í,24
2014-08-19,÷–”Í,24
2014-08-20,÷–”Í,25
2014-08-21,∂‡‘∆,31
2014-08-22,∂‡‘∆,33
2014-08-23,¿◊’Û”Í,31
2014-08-24,¿◊’Û”Í,34
2014-08-25,“ı,31
2014-08-26,’Û”Í,29
2014-08-27,’Û”Í,28
2014-08-28,¿◊’Û”Í,31
2014-08-29,’Û”Í,30
2014-08-30,∂‡‘∆,31
2014-08-31,¿◊’Û”Í,30
2014-09-01,’Û”Í,30
2014-09-02,∂‡‘∆,32
2014-09-03,÷–”Í,26
2014-09-04,∂‡‘∆,30
2014-09-05,∂‡‘∆,31
2014-09-06,’Û”Í,32
2014-09-07,∂‡‘∆,31
2014-09-08,’Û”Í,31
2014-09-09,“ı,30
2014-09-10,’Û”Í,28
2014-09-11,“ı,28
2014-09-12,’Û”Í,30
2014-09-13,’Û”Í,28
2014-09-14,“ı,27
2014-09-15,“ı,27
2014-09-16,“ı,28
2014-09-17,∂‡‘∆,32
2014-09-18,÷–”Í,24
2014-09-19,÷–”Í,20
2014-09-20,“ı,25
2014-09-21,’Û”Í,25
2014-09-22,÷–”Í,24
2014-09-23,’Û”Í,24
2014-09-24,“ı,28
2014-09-25,∂‡‘∆,28
2014-09-26,“ı,29
2014-09-27,∂‡‘∆,31
2014-09-28,∂‡‘∆,32
2014-09-29,’Û”Í,32
2014-09-30,–°”Í,24
2014-10-01,∂‡‘∆,24
2014-10-02,∂‡‘∆,28
2014-10-03,∂‡‘∆,26
2014-10-04,«Á,26
2014-10-05,∂‡‘∆,26
2014-10-06,∂‡‘∆,25
2014-10-07,∂‡‘∆,26
2014-10-08,«Á,25
2014-10-09,∂‡‘∆,26
2014-10-10,∂‡‘∆,24
2014-10-11,“ı,24
2014-10-12,“ı,24
2014-10-13,∂‡‘∆,22
2014-10-14,«Á,22
2014-10-15,«Á,24
2014-10-16,∂‡‘∆,25
2014-10-17,∂‡‘∆,25
2014-10-18,∂‡‘∆,26
2014-10-19,«Á,28
2014-10-20,«Á,30
2014-10-21,’Û”Í,27
2014-10-22,∂‡‘∆,24
2014-10-23,«Á,25
2014-10-24,∂‡‘∆,25
2014-10-25,∂‡‘∆,28
2014-10-26,«Á,28
2014-10-27,“ı,24
2014-10-28,∂‡‘∆,22
2014-10-29,’Û”Í,22
2014-10-30,’Û”Í,20
2014-10-31,÷–”Í,21
2014-11-01,’Û”Í,22
2014-11-02,∂‡‘∆,19
2014-11-03,«Á,17
2014-11-04,«Á,20
2014-11-05,∂‡‘∆,21
2014-11-06,∂‡‘∆,21
2014-11-07,∂‡‘∆,18
2014-11-08,’Û”Í,15
2014-11-09,“ı,16
2014-11-10,“ı,16
2014-11-11,“ı,18
2014-11-12,∂‡‘∆,19
2014-11-13,∂‡‘∆,15
2014-11-14,«Á,17
2014-11-15,∂‡‘∆,18
2014-11-16,“ı,16
2014-11-17,∂‡‘∆,16
2014-11-18,∂‡‘∆,16
2014-11-19,∂‡‘∆,17
2014-11-20,«Á,18
2014-11-21,∂‡‘∆,22
2014-11-22,∂‡‘∆,22
2014-11-23,∂‡‘∆,24
2014-11-24,’Û”Í,21
2014-11-25,–°”Í,14
2014-11-26,∂‡‘∆,16
2014-11-27,∂‡‘∆,20
2014-11-28,“ı,18
2014-11-29,–°”Í,17
2014-11-30,÷–”Í,14
2014-12-01,∂‡‘∆,9
2014-12-02,«Á,9
2014-12-03,–°”Í,9
2014-12-04,«Á,10
2014-12-05,«Á,10
2014-12-06,«Á,11
2014-12-07,“ı,12
2014-12-08,∂‡‘∆,12
2014-12-09,∂‡‘∆,12
2014-12-10,–°”Í,13
2014-12-11,–°”Í,9
2014-12-12,∂‡‘∆,9
2014-12-13,«Á,9
2014-12-14,«Á,11
2014-12-15,“ı,11
2014-12-16,∂‡‘∆,7
2014-12-17,«Á,8
2014-12-18,«Á,10
2014-12-19,“ı,11
2014-12-20,«Á,10
2014-12-21,∂‡‘∆,8
2014-12-22,«Á,9
2014-12-23,∂‡‘∆,12
2014-12-24,∂‡‘∆,14
2014-12-25,∂‡‘∆,10
2014-12-26,∂‡‘∆,10
2014-12-27,∂‡‘∆,12
2014-12-28,“ı,10
2014-12-29,«Á,16
2014-12-30,«Á,17
2014-12-31,∂‡‘∆,12
2015-01-01,«Á,7
2015-01-02,«Á,9
2015-01-03,∂‡‘∆,14
2015-01-04,«Á,18
2015-01-05,∂‡‘∆,20
2015-01-06,–°”Í,9
2015-01-07,∂‡‘∆,9
2015-01-08,«Á,10
2015-01-09,«Á,12
2015-01-10,∂‡‘∆,14
2015-01-11,«Á,16
2015-01-12,∂‡‘∆,13
2015-01-13,–°”Í,8
2015-01-14,–°”Í,10
2015-01-15,“ı,10
2015-01-16,∂‡‘∆,12
2015-01-17,∂‡‘∆,10
2015-01-18,«Á,11
2015-01-19,«Á,13
2015-01-20,–°”Í,12
2015-01-21,∂‡‘∆,17
2015-01-22,«Á,11
2015-01-23,«Á,14
2015-01-24,∂‡‘∆,18
2015-01-25,–°”Í,14
2015-01-26,“ı,13
2015-01-27,–°”Í,5
2015-01-28,”Íº–—©,5
2015-01-29,–°µΩ÷–”Í,5
2015-01-30,“ı,5
2015-01-31,∂‡‘∆,6
2015-02-01,–°”Í,6
2015-02-02,–°”Í,7
2015-02-03,“ı,6
2015-02-04,∂‡‘∆,9
2015-02-05,«Á,9
2015-02-06,∂‡‘∆,10
2015-02-07,∂‡‘∆,12
2015-02-08,∂‡‘∆,7
2015-02-09,«Á,8
2015-02-10,«Á,12
2015-02-11,«Á,16
2015-02-12,«Á,16
2015-02-13,«Á,19
2015-02-14,∂‡‘∆,21
2015-02-15,–°”Í,20
2015-02-16,∂‡‘∆,18
2015-02-17,∂‡‘∆,16
2015-02-18,«Á,14
2015-02-19,∂‡‘∆,12
2015-02-20,–°”Í,13
2015-02-21,–°”Í,12
2015-02-22,–°”Í,13
2015-02-23,–°”Í,10
2015-02-24,“ı,12
2015-02-25,–°”Í,11
2015-02-26,–°µΩ÷–”Í,9
2015-02-27,÷–”Í,8
2015-02-28,¥Û”Í,6
2015-03-01,∂‡‘∆,10
2015-03-02,«Á,14
2015-03-03,–°”Í,12
2015-03-04,“ı,7
2015-03-05,÷–—©,4
2015-03-06,“ı,7
2015-03-07,“ı,12
2015-03-08,–°”Í,10
2015-03-09,∂‡‘∆,12
2015-03-10,∂‡‘∆,9
2015-03-11,∂‡‘∆,12
2015-03-12,∂‡‘∆,18
2015-03-13,«Á,22
2015-03-14,÷–”Í,16
2015-03-15,’Û”Í,15
2015-03-16,“ı,19
2015-03-17,’Û”Í,27
2015-03-18,’Û”Í,24
2015-03-19,“ı,17
2015-03-20,–°µΩ÷–”Í,14
2015-03-21,∂‡‘∆,19
2015-03-22,«Á,20
2015-03-23,“ı,16
2015-03-24,«Á,16
2015-03-25,∂‡‘∆,18
2015-03-26,’Û”Í,18
2015-03-27,“ı,17
2015-03-28,∂‡‘∆,22
2015-03-29,∂‡‘∆,23
2015-03-30,’Û”Í,20
2015-03-31,∂‡‘∆,28
2015-04-01,∂‡‘∆,29
2015-04-02,¿◊’Û”Í,34
2015-04-03,’Û”Í,19
2015-04-04,∂‡‘∆,31
2015-04-05,–°”Í,27
2015-04-06,÷–”Í,18
2015-04-07,÷–”Í,9
2015-04-08,“ı,12
2015-04-09,’Û”Í,14
2015-04-10,“ı,17
2015-04-11,∂‡‘∆,18
2015-04-12,∂‡‘∆,22
2015-04-13,∂‡‘∆,16
2015-04-14,«Á,19
2015-04-15,∂‡‘∆,23
2015-04-16,∂‡‘∆,25
2015-04-17,∂‡‘∆,28
2015-04-18,∂‡‘∆,28
2015-04-19,’Û”Í,26
2015-04-20,–°”Í,16
2015-04-21,∂‡‘∆,19
2015-04-22,«Á,25
2015-04-23,∂‡‘∆,26
2015-04-24,∂‡‘∆,25
2015-04-25,∂‡‘∆,27
2015-04-26,∂‡‘∆,27
2015-04-27,“ı,23
2015-04-28,∂‡‘∆,32
2015-04-29,’Û”Í,28
2015-04-30,∂‡‘∆,23
2015-05-01,∂‡‘∆,30
2015-05-02,÷–”Í,26
2015-05-03,«Á,27
2015-05-04,∂‡‘∆,24
2015-05-05,∂‡‘∆,26
2015-05-06,÷–”Í,21
2015-05-07,∂‡‘∆,30
2015-05-08,÷–µΩ¥Û”Í,25
2015-05-09,“ı,24
2015-05-10,∂‡‘∆,26
2015-05-11,÷–”Í,23
2015-05-12,«Á,27
2015-05-13,«Á,31
2015-05-14,÷–”Í,24
2015-05-15,÷–”Í,27
2015-05-16,“ı,24
2015-05-17,“ı,25
2015-05-18,÷–”Í,25
2015-05-19,∂‡‘∆,28
2015-05-20,∂‡‘∆,28
2015-05-21,«Á,26
2015-05-22,∂‡‘∆,28
2015-05-23,∂‡‘∆,26
2015-05-24,∂‡‘∆,26
2015-05-25,∂‡‘∆,28
2015-05-26,“ı,28
2015-05-27,’Û”Í,28
2015-05-28,“ı,29
2015-05-29,’Û”Í,29
2015-05-30,“ı,27
2015-05-31,∂‡‘∆,30
2015-06-01,∂‡‘∆,31
2015-06-02,–°”Í,30
2015-06-03,’Û”Í,24
2015-06-04,∂‡‘∆,25
2015-06-05,∂‡‘∆,29
2015-06-06,∂‡‘∆,32
2015-06-07,¿◊’Û”Í,29
2015-06-08,¥ÛµΩ±©”Í,23
2015-06-09,÷–”Í,23
2015-06-10,’Û”Í,28
2015-06-11,∂‡‘∆,32
2015-06-12,∂‡‘∆,33
2015-06-13,“ı,31
2015-06-14,÷–”Í,25
2015-06-15,÷–µΩ¥Û”Í,25
2015-06-16,÷–”Í,25
2015-06-17,÷–”Í,29
2015-06-18,÷–”Í,24
2015-06-19,∂‡‘∆,29
2015-06-20,∂‡‘∆,31
2015-06-21,’Û”Í,27
2015-06-22,÷–”Í,25
2015-06-23,“ı,32
2015-06-24,¿◊’Û”Í,34
2015-06-25,∂‡‘∆,36
2015-06-26,¿◊’Û”Í,32
2015-06-27,¿◊’Û”Í,32
2015-06-28,’Û”Í,30
2015-06-29,∂‡‘∆,35
2015-06-30,∂‡‘∆,35
2015-07-01,÷–µΩ¥Û”Í,26
2015-07-02,∂‡‘∆,29
2015-07-03,“ı,30
2015-07-04,’Û”Í,24
2015-07-05,÷–”Í,21
2015-07-06,÷–”Í,20
2015-07-07,’Û”Í,21
2015-07-08,’Û”Í,24
2015-07-09,’Û”Í,28
2015-07-10,’Û”Í,28
2015-07-11,±©”Í,26
2015-07-12,“ı,30
2015-07-13,«Á,36
2015-07-14,«Á,36
2015-07-15,∂‡‘∆,33
2015-07-16,∂‡‘∆,31
2015-07-17,’Û”Í,30
2015-07-18,¿◊’Û”Í,31
2015-07-19,∂‡‘∆,32
2015-07-20,∂‡‘∆,32
2015-07-21,–°µΩ÷–”Í,31
2015-07-22,¿◊’Û”Í,31
2015-07-23,¿◊’Û”Í,32
2015-07-24,¿◊’Û”Í,34
2015-07-25,¿◊’Û”Í,33
2015-07-26,¿◊’Û”Í,36
2015-07-27,«Á,38
2015-07-28,«Á,38
2015-07-29,«Á,38
2015-07-30,¿◊’Û”Í,36
2015-07-31,«Á,37
2015-08-01,«Á,38
2015-08-02,«Á,38
2015-08-03,«Á,38
2015-08-04,«Á,39
2015-08-05,«Á,38
2015-08-06,∂‡‘∆,38
2015-08-07,¿◊’Û”Í,33
2015-08-08,’Û”Í,31
2015-08-09,÷–”Í,30
2015-08-10,÷–µΩ¥Û”Í,30
2015-08-11,’Û”Í,31
2015-08-12,∂‡‘∆,31
2015-08-13,¿◊’Û”Í,30
2015-08-14,’Û”Í,31
2015-08-15,¿◊’Û”Í,30
2015-08-16,’Û”Í,30
2015-08-17,∂‡‘∆,32
2015-08-18,∂‡‘∆,32
2015-08-19,∂‡‘∆,32
2015-08-20,÷–”Í,32
2015-08-21,÷–”Í,30
2015-08-22,÷–”Í,26
2015-08-23,’Û”Í,26
2015-08-24,÷–”Í,26
2015-08-25,∂‡‘∆,29
2015-08-26,∂‡‘∆,30
2015-08-27,∂‡‘∆,31
2015-08-28,’Û”Í,30
2015-08-29,∂‡‘∆,31
2015-08-30,∂‡‘∆,31
2015-08-31,∂‡‘∆,31
2015-09-01,∂‡‘∆,32
2015-09-02,’Û”Í,32
2015-09-03,∂‡‘∆,32
2015-09-04,’Û”Í,32
2015-09-05,÷–”Í,30
2015-09-06,∂‡‘∆,29
2015-09-07,’Û”Í,30
2015-09-08,∂‡‘∆,30
2015-09-09,∂‡‘∆,30
2015-09-10,∂‡‘∆,29
2015-09-11,∂‡‘∆,30
2015-09-12,’Û”Í,26
2015-09-13,∂‡‘∆,27
2015-09-14,–°”Í,25
2015-09-15,–°”Í,25
2015-09-16,∂‡‘∆,26
2015-09-17,∂‡‘∆,28
2015-09-18,∂‡‘∆,27
2015-09-19,∂‡‘∆,27
2015-09-20,“ı,26
2015-09-21,∂‡‘∆,27
2015-09-22,“ı,27
2015-09-23,’Û”Í,27
2015-09-24,∂‡‘∆,27
2015-09-25,’Û”Í,25
2015-09-26,∂‡‘∆,27
2015-09-27,«Á,27
2015-09-28,“ı,26
2015-09-29,÷–µΩ¥Û”Í,24
2015-09-30,’Û”Í,29
2015-10-01,–°”Í,26
2015-10-02,«Á,24
2015-10-03,∂‡‘∆,27
2015-10-04,’Û”Í,24
2015-10-05,’Û”Í,22
2015-10-06,“ı,24
2015-10-07,–°”Í,23
2015-10-08,–°”Í,22
2015-10-09,“ı,23
2015-10-10,∂‡‘∆,24
2015-10-11,«Á,23
2015-10-12,«Á,23
2015-10-13,«Á,24
2015-10-14,∂‡‘∆,24
2015-10-15,«Á,26
2015-10-16,«Á,26
2015-10-17,«Á,25
2015-10-18,∂‡‘∆,24
2015-10-19,∂‡‘∆,24
2015-10-20,“ı,23
2015-10-21,∂‡‘∆,25
2015-10-22,∂‡‘∆,26
2015-10-23,“ı,25
2015-10-24,“ı,24
2015-10-25,∂‡‘∆,26
2015-10-26,∂‡‘∆,27
2015-10-27,“ı,22
2015-10-28,∂‡‘∆,21
2015-10-29,÷–”Í,18
2015-10-30,–°”Í,16
2015-10-31,“ı,17
2015-11-01,–°”Í,16
2015-11-02,«Á,19
2015-11-03,∂‡‘∆,20
2015-11-04,’Û”Í,21
2015-11-05,’Û”Í,20
2015-11-06,∂‡‘∆,28
2015-11-07,’Û”Í,26
2015-11-08,’Û”Í,19
2015-11-09,“ı,15
2015-11-10,∂‡‘∆,16
2015-11-11,–°”Í,15
2015-11-12,’Û”Í,16
2015-11-13,–°”Í,17
2015-11-14,“ı,18
2015-11-15,“ı,20
2015-11-16,’Û”Í,21
2015-11-17,÷–”Í,16
2015-11-18,’Û”Í,17
2015-11-19,–°”Í,16
2015-11-20,–°µΩ÷–”Í,15
2015-11-21,’Û”Í,17
2015-11-22,–°”Í,18
2015-11-23,“ı,19
2015-11-24,–°”Í,15
2015-11-25,“ı,8
2015-11-26,«Á,7
2015-11-27,«Á,9
2015-11-28,“ı,11
2015-11-29,–°”Í,12
2015-11-30,ŒÌ,16
2015-12-01,∂‡‘∆,18
2015-12-02,–°”Í,14
2015-12-03,«Á,12
2015-12-04,∂‡‘∆,11
2015-12-05,÷–”Í,7
2015-12-06,“ı,6
2015-12-07,∂‡‘∆,12
2015-12-08,∂‡‘∆,13
2015-12-09,–°”Í,12
2015-12-10,–°”Í,12
2015-12-11,“ı,12
2015-12-12,∂‡‘∆,12
2015-12-13,–°”Í,11
2015-12-14,“ı,10
2015-12-15,“ı,11
2015-12-16,∂‡‘∆,7
2015-12-17,«Á,6
2015-12-18,«Á,8
2015-12-19,∂‡‘∆,11
2015-12-20,–°”Í,12
2015-12-21,∂‡‘∆,12
2015-12-22,–°”Í,12
2015-12-23,–°”Í,12
2015-12-24,–°”Í,11
2015-12-25,–°”Í,11
2015-12-26,∂‡‘∆,14
2015-12-27,“ı,12
2015-12-28,∂‡‘∆,9
2015-12-29,∂‡‘∆,10
2015-12-30,«Á,13
2015-12-31,«Á,11
2016-01-01,∂‡‘∆,12
2016-01-02,“ı,16
2016-01-03,–°”Í,18
2016-01-04,–°”Í,13
2016-01-05,÷–”Í,11
2016-01-06,–°”Í,9
2016-01-07,∂‡‘∆,9
2016-01-08,“ı,9
2016-01-09,“ı,9
2016-01-10,–°”Í,9
2016-01-11,–°”Í,8
2016-01-12,“ı,6
2016-01-13,∂‡‘∆,8
2016-01-14,∂‡‘∆,8
2016-01-15,∂‡‘∆,11
2016-01-16,∂‡‘∆,11
2016-01-17,’Û”Í,8
2016-01-18,∂‡‘∆,7
2016-01-19,∂‡‘∆,6
2016-01-20,”Íº–—©,6
2016-01-21,”Íº–—©,2
2016-01-22,¥Û—©,2
2016-01-23,“ı,0
2016-01-24,«Á,-3
2016-01-25,«Á,2
2016-01-26,«Á,6
2016-01-27,–°”Í,7
2016-01-28,–°”Í,8
2016-01-29,–°”Í,6
2016-01-30,“ı,6
2016-01-31,–°”Í,6
2016-02-01,“ı,3
2016-02-02,∂‡‘∆,3
2016-02-03,∂‡‘∆,6
2016-02-04,–°”Í,5
2016-02-05,∂‡‘∆,9
2016-02-06,«Á,7
2016-02-07,«Á,10
2016-02-08,«Á,12
2016-02-09,«Á,19
2016-02-10,∂‡‘∆,22
2016-02-11,–°”Í,21
2016-02-12,∂‡‘∆,24
2016-02-13,–°”Í,20
2016-02-14,–°”Í,6
2016-02-15,«Á,7
2016-02-16,«Á,12
2016-02-17,«Á,14
2016-02-18,«Á,18
2016-02-19,“ı,13
2016-02-20,∂‡‘∆,13
2016-02-21,∂‡‘∆,13
2016-02-22,÷–”Í,8
2016-02-23,“ı,10
2016-02-24,∂‡‘∆,9
2016-02-25,∂‡‘∆,13
2016-02-26,∂‡‘∆,18
2016-02-27,«Á,20
2016-02-28,∂‡‘∆,22
2016-02-29,«Á,13
2016-03-01,«Á,15
2016-03-02,«Á,20
2016-03-03,∂‡‘∆,24
2016-03-04,“ı,25
2016-03-05,∂‡‘∆,24
2016-03-06,∂‡‘∆,19
2016-03-07,∂‡‘∆,24
2016-03-08,÷–”Í,16
2016-03-09,–°”Í,9
2016-03-10,“ı,7
2016-03-11,«Á,10
2016-03-12,∂‡‘∆,15
2016-03-13,’Û”Í,12
2016-03-14,«Á,14
2016-03-15,∂‡‘∆,15
2016-03-16,“ı,18
2016-03-17,’Û”Í,21
2016-03-18,–°”Í,20
2016-03-19,“ı,19
2016-03-20,∂‡‘∆,18
2016-03-21,’Û”Í,16
2016-03-22,’Û”Í,16
2016-03-23,’Û”Í,12
2016-03-24,∂‡‘∆,13
2016-03-25,∂‡‘∆,14
2016-03-26,∂‡‘∆,15
2016-03-27,∂‡‘∆,17
2016-03-28,«Á,20
2016-03-29,∂‡‘∆,23
2016-03-30,’Û”Í,17
2016-03-31,“ı,20
2016-04-01,∂‡‘∆,27
2016-04-02,¿◊’Û”Í,24
2016-04-03,÷–µΩ¥Û”Í,18
2016-04-04,“ı,18
2016-04-05,∂‡‘∆,19
2016-04-06,¿◊’Û”Í,25
2016-04-07,÷–”Í,18
2016-04-08,“ı,20
2016-04-09,’Û”Í,22
2016-04-10,∂‡‘∆,24
2016-04-11,“ı,20
2016-04-12,“ı,24
2016-04-13,’Û”Í,25
2016-04-14,∂‡‘∆,26
2016-04-15,’Û”Í,23
2016-04-16,÷–µΩ¥Û”Í,25
2016-04-17,∂‡‘∆,22
2016-04-18,∂‡‘∆,23
2016-04-19,∂‡‘∆,25
2016-04-20,÷–”Í,24
2016-04-21,“ı,23
2016-04-22,’Û”Í,26
2016-04-23,¥Û”Í,17
2016-04-24,“ı,18
2016-04-25,’Û”Í,18
2016-04-26,÷–”Í,21
2016-04-27,–°”Í,20
2016-04-28,∂‡‘∆,22
2016-04-29,«Á,24
2016-04-30,∂‡‘∆,29
2016-05-01,∂‡‘∆,29
2016-05-02,÷–”Í,26
2016-05-03,∂‡‘∆,27
2016-05-04,∂‡‘∆,31
2016-05-05,÷–”Í,28
2016-05-06,“ı,30
2016-05-07,÷–”Í,23
2016-05-08,÷–”Í,20
2016-05-09,’Û”Í,21
2016-05-10,“ı,21
2016-05-11,∂‡‘∆,25
2016-05-12,«Á,31
2016-05-13,“ı,26
2016-05-14,∂‡‘∆,28
2016-05-15,÷–µΩ¥Û”Í,27
2016-05-16,∂‡‘∆,23
2016-05-17,«Á,25
2016-05-18,«Á,26
2016-05-19,∂‡‘∆,26
2016-05-20,’Û”Í,22
2016-05-21,–°µΩ÷–”Í,21
2016-05-22,“ı,24
2016-05-23,–°”Í,26
2016-05-24,–°”Í,24
2016-05-25,“ı,29
2016-05-26,÷–”Í,26
2016-05-27,’Û”Í,25
2016-05-28,÷–”Í,26
2016-05-29,÷–”Í,24
2016-05-30,∂‡‘∆,27
2016-05-31,’Û”Í,30
2016-06-01,¥ÛµΩ±©”Í,26
2016-06-02,’Û”Í,24
2016-06-03,÷–µΩ¥Û”Í,22
2016-06-04,“ı,26
2016-06-05,∂‡‘∆,28
2016-06-06,¿◊’Û”Í,30
2016-06-07,¿◊’Û”Í,30
2016-06-08,’Û”Í,28
2016-06-09,“ı,29
2016-06-10,∂‡‘∆,31
2016-06-11,’Û”Í,31
2016-06-12,÷–µΩ¥Û”Í,25
2016-06-13,“ı,29
2016-06-14,∂‡‘∆,33
2016-06-15,¥Û”Í,31
2016-06-16,–°”Í,27
2016-06-17,∂‡‘∆,31
2016-06-18,¿◊’Û”Í,31
2016-06-19,¿◊’Û”Í,31
2016-06-20,¿◊’Û”Í,32
2016-06-21,∂‡‘∆,35
2016-06-22,¿◊’Û”Í,35
2016-06-23,∂‡‘∆,37
2016-06-24,¿◊’Û”Í,35
2016-06-25,÷–µΩ¥Û”Í,26
2016-06-26,÷–”Í,23
2016-06-27,’Û”Í,27
2016-06-28,’Û”Í,27
2016-06-29,÷–”Í,28
2016-06-30,¿◊’Û”Í,34
2016-07-01,∂‡‘∆,35
2016-07-02,∂‡‘∆,34
2016-07-03,¿◊’Û”Í,31
2016-07-04,∂‡‘∆,34
2016-07-05,∂‡‘∆,35
2016-07-06,¿◊’Û”Í,35
2016-07-07,«Á,34
2016-07-08,’Û”Í,31
2016-07-09,’Û”Í,30
2016-07-10,÷–µΩ¥Û”Í,29
2016-07-11,÷–”Í,30
2016-07-12,’Û”Í,32
2016-07-13,¿◊’Û”Í,35
2016-07-14,¿◊’Û”Í,35
2016-07-15,¿◊’Û”Í,36
2016-07-16,÷–µΩ¥Û”Í,29
2016-07-17,∂‡‘∆,32
2016-07-18,÷–”Í,31
2016-07-19,¿◊’Û”Í,34
2016-07-20,«Á,37
2016-07-21,«Á,38
2016-07-22,«Á,38
2016-07-23,«Á,38
2016-07-24,«Á,39
2016-07-25,«Á,39
2016-07-26,«Á,39
2016-07-27,«Á,39
2016-07-28,«Á,39
2016-07-29,«Á,39
2016-07-30,∂‡‘∆,39
2016-07-31,∂‡‘∆,38
2016-08-01,∂‡‘∆,37
2016-08-02,¿◊’Û”Í,35
2016-08-03,’Û”Í,32
2016-08-04,¿◊’Û”Í,33
2016-08-05,¿◊’Û”Í,33
2016-08-06,¿◊’Û”Í,34
2016-08-07,∂‡‘∆,34
2016-08-08,¿◊’Û”Í,34
2016-08-09,÷–”Í,32
2016-08-10,¿◊’Û”Í,35
2016-08-11,∂‡‘∆,35
2016-08-12,∂‡‘∆,36
2016-08-13,∂‡‘∆,35
2016-08-14,∂‡‘∆,35
2016-08-15,«Á,36
2016-08-16,∂‡‘∆,36
2016-08-17,«Á,37
2016-08-18,«Á,37
2016-08-19,«Á,38
2016-08-20,¿◊’Û”Í,37
2016-08-21,’Û”Í,35
2016-08-22,∂‡‘∆,36
2016-08-23,∂‡‘∆,35
2016-08-24,∂‡‘∆,35
2016-08-25,«Á,36
2016-08-26,«Á,34
2016-08-27,“ı,31
2016-08-28,∂‡‘∆,31
2016-08-29,«Á,32
2016-08-30,«Á,32
2016-08-31,∂‡‘∆,33
2016-09-01,∂‡‘∆,35
2016-09-02,∂‡‘∆,34
2016-09-03,«Á,34
2016-09-04,∂‡‘∆,33
2016-09-05,’Û”Í,31
2016-09-06,’Û”Í,28
2016-09-07,’Û”Í,28
2016-09-08,∂‡‘∆,30
2016-09-09,∂‡‘∆,29
2016-09-10,“ı,27
2016-09-11,’Û”Í,26
2016-09-12,∂‡‘∆,27
2016-09-13,’Û”Í,26
2016-09-14,’Û”Í,25
2016-09-15,¥Û”Í,25
2016-09-16,÷–”Í,27
2016-09-17,“ı,28
2016-09-18,’Û”Í,26
2016-09-19,“ı,27
2016-09-20,∂‡‘∆,26
2016-09-21,’Û”Í,26
2016-09-22,∂‡‘∆,27
2016-09-23,∂‡‘∆,29
2016-09-24,∂‡‘∆,30
2016-09-25,«Á,30
2016-09-26,∂‡‘∆,30
2016-09-27,’Û”Í,28
2016-09-28,÷–”Í,27
2016-09-29,’Û”Í,25
2016-09-30,’Û”Í,29
2016-10-01,’Û”Í,30
2016-10-02,∂‡‘∆,30
2016-10-03,’Û”Í,27
2016-10-04,∂‡‘∆,26
2016-10-05,∂‡‘∆,26
2016-10-06,’Û”Í,27
2016-10-07,’Û”Í,23
2016-10-08,–°”Í,22
2016-10-09,∂‡‘∆,22
2016-10-10,“ı,21
2016-10-11,∂‡‘∆,23
2016-10-12,∂‡‘∆,25
2016-10-13,∂‡‘∆,23
2016-10-14,–°”Í,22
2016-10-15,–°”Í,23
2016-10-16,“ı,26
2016-10-17,“ı,24
2016-10-18,–°”Í,24
2016-10-19,–°”Í,24
2016-10-20,’Û”Í,25
2016-10-21,–°”Í,25
2016-10-22,±©”Í,23
2016-10-23,’Û”Í,23
2016-10-24,“ı,24
2016-10-25,“ı,25
2016-10-26,’Û”Í,24
2016-10-27,’Û”Í,25
2016-10-28,’Û”Í,19
2016-10-29,’Û”Í,17
2016-10-30,∂‡‘∆,17
2016-10-31,’Û”Í,16
2016-11-01,“ı,16
2016-11-02,∂‡‘∆,17
2016-11-03,«Á,17
2016-11-04,«Á,21
2016-11-05,«Á,23
2016-11-06,«Á,23
2016-11-07,–°”Í,22
2016-11-08,–°”Í,13
2016-11-09,–°”Í,13
2016-11-10,∂‡‘∆,14
2016-11-11,«Á,18
2016-11-12,–°”Í,18
2016-11-13,–°”Í,20
2016-11-14,–°”Í,20
2016-11-15,–°”Í,17
2016-11-16,–°”Í,18
2016-11-17,–°”Í,18
2016-11-18,“ı,24
2016-11-19,“ı,25
2016-11-20,’Û”Í,20
2016-11-21,’Û”Í,19
2016-11-22,–°”Í,14
2016-11-23,–°”Í,5
2016-11-24,∂‡‘∆,8
2016-11-25,“ı,9
2016-11-26,–°”Í,9
2016-11-27,«Á,12
2016-11-28,«Á,13
2016-11-29,∂‡‘∆,14
2016-11-30,“ı,15
2016-12-01,«Á,16
2016-12-02,«Á,14
2016-12-03,∂‡‘∆,16
2016-12-04,∂‡‘∆,17
2016-12-05,∂‡‘∆,19
2016-12-06,∂‡‘∆,12
2016-12-07,«Á,15
2016-12-08,«Á,16
2016-12-09,«Á,15
2016-12-10,∂‡‘∆,13
2016-12-11,∂‡‘∆,15
2016-12-12,“ı,18
2016-12-13,–°”Í,14
2016-12-14,∂‡‘∆,10
2016-12-15,∂‡‘∆,8
2016-12-16,«Á,11
2016-12-17,«Á,13
2016-12-18,∂‡‘∆,17
2016-12-19,“ı,17
2016-12-20,–°”Í,15
2016-12-21,–°”Í,17
2016-12-22,∂‡‘∆,12
2016-12-23,∂‡‘∆,12
2016-12-24,∂‡‘∆,12
2016-12-25,–°”Í,15
2016-12-26,–°”Í,12
2016-12-27,∂‡‘∆,7
2016-12-28,«Á,8
2016-12-29,«Á,8
2016-12-30,∂‡‘∆,11
2016-12-31,«Á,14
2017-01-01,«Á,17
2017-01-02,∂‡‘∆,16
2017-01-03,∂‡‘∆,16
2017-01-04,–°”Í,15
2017-01-05,–°µΩ÷–”Í,13
2017-01-06,–°”Í,12
2017-01-07,÷–”Í,11
2017-01-08,∂‡‘∆,12
2017-01-09,∂‡‘∆,11
2017-01-10,∂‡‘∆,9
2017-01-11,–°”Í,8
2017-01-12,–°”Í,7
2017-01-13,∂‡‘∆,10
2017-01-14,«Á,10
2017-01-15,∂‡‘∆,8
2017-01-16,∂‡‘∆,9
2017-01-17,“ı,11
2017-01-18,–°”Í,8
2017-01-19,–°”Í,8
2017-01-20,«Á,6
2017-01-21,∂‡‘∆,7
2017-01-22,«Á,8
2017-01-23,«Á,8
2017-01-24,∂‡‘∆,10
2017-01-25,“ı,10
2017-01-26,«Á,13
2017-01-27,∂‡‘∆,13
2017-01-28,∂‡‘∆,17
2017-01-29,∂‡‘∆,20
2017-01-30,∂‡‘∆,8
2017-01-31,∂‡‘∆,8
2017-02-01,“ı,7
2017-02-02,∂‡‘∆,8
2017-02-03,’Û”Í,12
2017-02-04,–°”Í,11
2017-02-05,∂‡‘∆,13
2017-02-06,«Á,12
2017-02-07,∂‡‘∆,11
2017-02-08,”Íº–—©,7
2017-02-09,∂‡‘∆,7
2017-02-10,∂‡‘∆,8
2017-02-11,«Á,9
2017-02-12,«Á,11
2017-02-13,«Á,15
2017-02-14,«Á,18
2017-02-15,«Á,18
2017-02-16,–°”Í,20
2017-02-17,–°”Í,15
2017-02-18,∂‡‘∆,13
2017-02-19,∂‡‘∆,21
2017-02-20,–°”Í,19
2017-02-21,“ı,11
2017-02-22,–°”Í,8
2017-02-23,“ı,7
2017-02-24,∂‡‘∆,9
2017-02-25,∂‡‘∆,12
2017-02-26,«Á,15
2017-02-27,«Á,16
2017-02-28,∂‡‘∆,17
2017-03-01,∂‡‘∆,17
2017-03-02,«Á,13
2017-03-03,∂‡‘∆,16
2017-03-04,∂‡‘∆,18
2017-03-05,–°”Í,12
2017-03-06,∂‡‘∆,12
2017-03-07,«Á,14
2017-03-08,«Á,17
2017-03-09,∂‡‘∆,19
2017-03-10,“ı,18
2017-03-11,“ı,16
2017-03-12,–°”Í,15
2017-03-13,÷–”Í,9
2017-03-14,«Á,13
2017-03-15,∂‡‘∆,15
2017-03-16,“ı,13
2017-03-17,∂‡‘∆,15
2017-03-18,–°”Í,13
2017-03-19,–°”Í,14
2017-03-20,–°”Í,13
2017-03-21,∂‡‘∆,14
2017-03-22,÷–”Í,10
2017-03-23,“ı,13
2017-03-24,÷–”Í,11
2017-03-25,∂‡‘∆,16
2017-03-26,«Á,20
2017-03-27,«Á,22
2017-03-28,∂‡‘∆,22
2017-03-29,∂‡‘∆,20
2017-03-30,÷–”Í,13
2017-03-31,“ı,14
2017-04-01,∂‡‘∆,18
2017-04-02,«Á,22
2017-04-03,∂‡‘∆,24
2017-04-04,∂‡‘∆,25
2017-04-05,“ı,26
2017-04-06,÷–”Í,27
2017-04-07,’Û”Í,21
2017-04-08,∂‡‘∆,26
2017-04-09,’Û”Í,14
2017-04-10,’Û”Í,13
2017-04-11,“ı,15
2017-04-12,∂‡‘∆,18
2017-04-13,«Á,23
2017-04-14,«Á,28
2017-04-15,∂‡‘∆,31
2017-04-16,’Û”Í,30
2017-04-17,’Û”Í,26
2017-04-18,«Á,29
2017-04-19,’Û”Í,28
2017-04-20,∂‡‘∆,25
2017-04-21,’Û”Í,24
2017-04-22,∂‡‘∆,20
2017-04-23,«Á,25
2017-04-24,∂‡‘∆,27
2017-04-25,’Û”Í,25
2017-04-26,’Û”Í,19
2017-04-27,∂‡‘∆,21
2017-04-28,«Á,26
2017-04-29,«Á,29
2017-04-30,∂‡‘∆,29
2017-05-01,’Û”Í,29
2017-05-02,’Û”Í,22
2017-05-03,“ı,25
2017-05-04,–°”Í,24
2017-05-05,∂‡‘∆,27
2017-05-06,∂‡‘∆,26
2017-05-07,∂‡‘∆,26
2017-05-08,÷–”Í,20
2017-05-09,∂‡‘∆,27
2017-05-10,«Á,32
2017-05-11,∂‡‘∆,33
2017-05-12,÷–”Í,22
2017-05-13,«Á,29
2017-05-14,«Á,31
2017-05-15,∂‡‘∆,27
2017-05-16,’Û”Í,23
2017-05-17,∂‡‘∆,27
2017-05-18,«Á,30
2017-05-19,∂‡‘∆,30
2017-05-20,“ı,29
2017-05-21,∂‡‘∆,30
2017-05-22,∂‡‘∆,30
2017-05-23,÷–µΩ¥Û”Í,26
2017-05-24,“ı,24
2017-05-25,«Á,28
2017-05-26,«Á,31
2017-05-27,«Á,32
2017-05-28,«Á,32
2017-05-29,«Á,32
2017-05-30,∂‡‘∆,34
2017-05-31,’Û”Í,32
2017-06-01,’Û”Í,28
2017-06-02,∂‡‘∆,30
2017-06-03,∂‡‘∆,31
2017-06-04,∂‡‘∆,29
2017-06-05,÷–”Í,24
2017-06-06,’Û”Í,28
2017-06-07,∂‡‘∆,30
2017-06-08,∂‡‘∆,32
2017-06-09,’Û”Í,28
2017-06-10,¿◊’Û”Í,30
2017-06-11,÷–”Í,25
2017-06-12,÷–”Í,23
2017-06-13,÷–µΩ¥Û”Í,22
2017-06-14,“ı,26
2017-06-15,∂‡‘∆,29
2017-06-16,∂‡‘∆,29
2017-06-17,∂‡‘∆,28
2017-06-18,∂‡‘∆,30
2017-06-19,’Û”Í,28
2017-06-20,’Û”Í,28
2017-06-21,’Û”Í,27
2017-06-22,’Û”Í,29
2017-06-23,÷–”Í,28
2017-06-24,±©”Í,26
2017-06-25,¥Û”Í,26
2017-06-26,’Û”Í,28
2017-06-27,’Û”Í,28
2017-06-28,’Û”Í,25
2017-06-29,’Û”Í,28
2017-06-30,∂‡‘∆,32
2017-07-01,¿◊’Û”Í,34
2017-07-02,∂‡‘∆,34
2017-07-03,¿◊’Û”Í,32
2017-07-04,¿◊’Û”Í,33
2017-07-05,¿◊’Û”Í,33
2017-07-06,¿◊’Û”Í,35
2017-07-07,¿◊’Û”Í,36
2017-07-08,∂‡‘∆,35
2017-07-09,¿◊’Û”Í,33
2017-07-10,¿◊’Û”Í,34
2017-07-11,¿◊’Û”Í,32
2017-07-12,∂‡‘∆,36
2017-07-13,∂‡‘∆,37
2017-07-14,¿◊’Û”Í,36
2017-07-15,«Á,38
2017-07-16,«Á,38
2017-07-17,«Á,38
2017-07-18,∂‡‘∆,38
2017-07-19,∂‡‘∆,38
2017-07-20,«Á,38
2017-07-21,«Á,38
2017-07-22,«Á,40
2017-07-23,«Á,40
2017-07-24,«Á,41
2017-07-25,«Á,41
2017-07-26,«Á,40
2017-07-27,«Á,40
2017-07-28,«Á,39
2017-07-29,∂‡‘∆,37
2017-07-30,’Û”Í,34
2017-07-31,’Û”Í,36
2017-08-01,’Û”Í,34
2017-08-02,∂‡‘∆,35
2017-08-03,∂‡‘∆,37
2017-08-04,«Á,38
2017-08-05,¿◊’Û”Í,36
2017-08-06,’Û”Í,35
2017-08-07,∂‡‘∆,38
2017-08-08,¿◊’Û”Í,38
2017-08-09,÷–”Í,32
2017-08-10,∂‡‘∆,34
2017-08-11,∂‡‘∆,36
2017-08-12,¿◊’Û”Í,34
2017-08-13,∂‡‘∆,36
2017-08-14,¿◊’Û”Í,35
2017-08-15,¿◊’Û”Í,32
2017-08-16,¿◊’Û”Í,34
2017-08-17,∂‡‘∆,36
2017-08-18,’Û”Í,36
2017-08-19,∂‡‘∆,36
2017-08-20,¿◊’Û”Í,33
2017-08-21,¿◊’Û”Í,34
2017-08-22,¿◊’Û”Í,35
2017-08-23,∂‡‘∆,37
2017-08-24,«Á,38
2017-08-25,¿◊’Û”Í,36
2017-08-26,’Û”Í,32
2017-08-27,∂‡‘∆,36
2017-08-28,«Á,38
2017-08-29,¿◊’Û”Í,34
2017-08-30,∂‡‘∆,32
2017-08-31,∂‡‘∆,30
2017-09-01,∂‡‘∆,30
2017-09-02,∂‡‘∆,32
2017-09-03,“ı,30
2017-09-04,∂‡‘∆,33
2017-09-05,∂‡‘∆,35
2017-09-06,¿◊’Û”Í,32
2017-09-07,’Û”Í,28
2017-09-08,“ı,29
2017-09-09,’Û”Í,30
2017-09-10,¿◊’Û”Í,34
2017-09-11,’Û”Í,28
2017-09-12,“ı,28
2017-09-13,∂‡‘∆,30
2017-09-14,’Û”Í,28
2017-09-15,’Û”Í,26
2017-09-16,∂‡‘∆,28
2017-09-17,«Á,30
2017-09-18,«Á,32
2017-09-19,∂‡‘∆,31
2017-09-20,÷–”Í,24
2017-09-21,’Û”Í,24
2017-09-22,’Û”Í,26
2017-09-23,÷–”Í,24
2017-09-24,’Û”Í,27
2017-09-25,∂‡‘∆,31
2017-09-26,∂‡‘∆,32
2017-09-27,¿◊’Û”Í,29
2017-09-28,’Û”Í,22
2017-09-29,∂‡‘∆,24
2017-09-30,’Û”Í,26
2017-10-01,∂‡‘∆,33
2017-10-02,’Û”Í,29
2017-10-03,“ı,24
2017-10-04,“ı,22
2017-10-05,“ı,24
2017-10-06,“ı,25
2017-10-07,∂‡‘∆,26
2017-10-08,«Á,29
2017-10-09,∂‡‘∆,30
2017-10-10,∂‡‘∆,32
2017-10-11,–°”Í,22
2017-10-12,–°”Í,19
2017-10-13,“ı,20
2017-10-14,’Û”Í,20
2017-10-15,÷–”Í,20
2017-10-16,’Û”Í,18
2017-10-17,–°”Í,20
2017-10-18,∂‡‘∆,22
2017-10-19,∂‡‘∆,21
2017-10-20,“ı,22
2017-10-21,∂‡‘∆,22
2017-10-22,∂‡‘∆,23
2017-10-23,∂‡‘∆,21
2017-10-24,«Á,21
2017-10-25,∂‡‘∆,22
2017-10-26,∂‡‘∆,24
2017-10-27,«Á,24
2017-10-28,∂‡‘∆,22
2017-10-29,∂‡‘∆,22
2017-10-30,∂‡‘∆,18
2017-10-31,«Á,20
2017-11-01,«Á,22
2017-11-02,∂‡‘∆,24
2017-11-03,“ı,22
2017-11-04,∂‡‘∆,17
2017-11-05,∂‡‘∆,18
2017-11-06,∂‡‘∆,21
2017-11-07,“ı,23
2017-11-08,∂‡‘∆,22
2017-11-09,«Á,22
2017-11-10,–°”Í,21
2017-11-11,∂‡‘∆,18
2017-11-12,∂‡‘∆,21
2017-11-13,–°”Í,20
2017-11-14,“ı,18
2017-11-15,“ı,17
2017-11-16,–°”Í,18
2017-11-17,–°”Í,18
2017-11-18,“ı,12
2017-11-19,∂‡‘∆,12
2017-11-20,“ı,12
2017-11-21,–°”Í,11
2017-11-22,∂‡‘∆,15
2017-11-23,«Á,12
2017-11-24,∂‡‘∆,16
2017-11-25,∂‡‘∆,16
2017-11-26,∂‡‘∆,18
2017-11-27,∂‡‘∆,18
2017-11-28,∂‡‘∆,20
2017-11-29,÷–”Í,14
2017-11-30,“ı,14
2017-12-01,“ı,12
2017-12-02,∂‡‘∆,14
2017-12-03,“ı,16
2017-12-04,∂‡‘∆,14
2017-12-05,«Á,11
2017-12-06,«Á,12
2017-12-07,∂‡‘∆,14
2017-12-08,«Á,9
2017-12-09,«Á,11
2017-12-10,«Á,14
2017-12-11,«Á,12
2017-12-12,∂‡‘∆,12
2017-12-13,“ı,10
2017-12-14,–°”Í,8
2017-12-15,–°”Í,8
2017-12-16,“ı,6
2017-12-17,«Á,6
2017-12-18,«Á,8
2017-12-19,«Á,10
2017-12-20,«Á,12
2017-12-21,«Á,12
